Workbook

Sheet Start here
A1: Half Marathon Plan, race on Sat Feb 6, 2027
A2: 15 weeks from Mon Oct 26, 2026. Same plan as the web app and the full plan document.
A3: Days to race | B3: =MAX(0,DATE(2027,2,6)-TODAY()) -> 104
A5: Your inputs (yellow cells)
A6: Max heart rate (bpm) | B6: 194 | E6: Highest seen in your Strava data (10K on Aug 7, 2026). Change it if you see higher.
A7: Starting VDOT (Base phase) | B7: 32 | E7: From your 5K 28:26 (Feb 4) and 10K 59:54 (Aug 7).
A8: 5K test, Sat Nov 21: minutes / seconds | E8: Example: 27 in the first box and 50 in the second for 27:50.
A9: 10K test, Sat Dec 19: minutes / seconds | E9: Example: 58 and 30 for 58:30. Over an hour? Enter 61 and 5 for 1:01:05.
A11: What your tests say
A12: VDOT from 5K test | B12: =IF(N(B8)=0,"",MAX(30,29+SUMPRODUCT(--(Paces!$B$5:$B$15>=TIME(0,B8,N(C8)))))) | E12: Rounded down to the VDOT row your time reaches (Daniels, table 5.1).
A13: VDOT from 10K test | B13: =IF(N(B9)=0,"",MAX(30,29+SUMPRODUCT(--(Paces!$C$5:$C$15>=TIME(0,B9,N(C9))))))
A14: Build-phase VDOT (weeks 5–9) | B14: =IF(B12="",B7,B12) -> 32
A15: Race-phase VDOT (weeks 10–15) | B15: =IF(B13="",B14,B13) -> 32
A16: Predicted half marathon | B16: =INDEX(Paces!$D$5:$D$15,MATCH(B15,Paces!$A$5:$A$15,0)) -> 0.092928241 | E16: Plan target: 2:07:16 (VDOT 34). Stretch: 2:04:13 (VDOT 35).
A17: Half-marathon pace | B17: =INDEX(Paces!$E$5:$E$15,MATCH(B15,Paces!$A$5:$A$15,0)) -> 6:21/km
A19: How to use it
A20: 1. Plan sheet: one row per day. Target paces update from your VDOT in the yellow cells above.
A21: 2. After each run, set Done to Yes and fill in Actual km, Time, Avg HR, Feel (1 very easy to 5 very hard) and Notes.
A22: 3. Type time as h:mm:ss, for example 0:41:20. Typing 41:20 means 41 hours in Excel and Google Sheets.
A23: 4. Weekly sheet totals planned and logged km for each week and charts them.
A24: 5. Move up a VDOT only after a test, and not more often than every third week (Daniels).
A26: Example of a logged run (copy the format into the Plan sheet)
A27: Done | B27: Actual km | C27: Time | D27: Avg HR | E27: Feel (1–5) | F27: Notes
A28: Yes | B28: 6.7 | C28: 0.028703704 | D28: 158 | E28: 3 | F28: Humid; reps felt controlled
A30: Links
A31: Web app (phone) | B31: https://pengkistan.github.io/marathonplan/
A32: Full plan with sources | B32: https://claude.ai/artifact/BErnvi4zztgJg9Htm676nq

Sheet Plan
A1: Date | B1: Week | C1: Phase | D1: Day | E1: Session | F1: Workout | G1: Planned km | H1: VDOT | I1: Target | J1: Done | K1: Actual km | L1: Time | M1: Avg HR | N1: Feel (1–5) | O1: Pace /km | P1: Notes | Q1: Key
A2: 46321 | B2: 1 | C2: Base | D2: Mon | E2: Rest | F2: Rest day. Optional 10 min core at home on Mon or Fri. | H2: =IF(C2="Base",'Start here'!$B$7,IF(C2="Build",'Start here'!$B$14,'Start here'!$B$15)) -> 32 | I2: =IF(Q2="","",IF(Q2="E","HR under "&ROUND('Start here'!$B$6*0.79,0),IF(Q2="REC","HR under "&ROUND('Start here'!$B$6*0.76,0),IF(Q2="L","HR "&ROUND('Start here'!$B$6*0.73,0)&" to "&ROUND('Start here'!$B$6*0.84,0),INDEX(Paces!$B$5:$K$15,MATCH(H2,Paces!$A$5:$A$15,0),MATCH(Q2,Paces!$B$4:$K$4,0)))))) | O2: =IF(AND(N(K2)>0,N(L2)>0),L2/K2,"")
A3: 46322 | B3: 1 | C3: Base | D3: Tue | E3: Threshold | F3: 2 km easy · 3 × 1 km at T, 1 min jog · 1.5 km easy | G3: 6.7 | H3: =IF(C3="Base",'Start here'!$B$7,IF(C3="Build",'Start here'!$B$14,'Start here'!$B$15)) -> 32 | I3: =IF(Q3="","",IF(Q3="E","HR under "&ROUND('Start here'!$B$6*0.79,0),IF(Q3="REC","HR under "&ROUND('Start here'!$B$6*0.76,0),IF(Q3="L","HR "&ROUND('Start here'!$B$6*0.73,0)&" to "&ROUND('Start here'!$B$6*0.84,0),INDEX(Paces!$B$5:$K$15,MATCH(H3,Paces!$A$5:$A$15,0),MATCH(Q3,Paces!$B$4:$K$4,0)))))) -> 6:05/km | O3: =IF(AND(N(K3)>0,N(L3)>0),L3/K3,"") | Q3: T pace
A4: 46323 | B4: 1 | C4: Base | D4: Wed | E4: Easy + strides | F4: Easy 35 min + 6 strides | G4: 4.6 | H4: =IF(C4="Base",'Start here'!$B$7,IF(C4="Build",'Start here'!$B$14,'Start here'!$B$15)) -> 32 | I4: =IF(Q4="","",IF(Q4="E","HR under "&ROUND('Start here'!$B$6*0.79,0),IF(Q4="REC","HR under "&ROUND('Start here'!$B$6*0.76,0),IF(Q4="L","HR "&ROUND('Start here'!$B$6*0.73,0)&" to "&ROUND('Start here'!$B$6*0.84,0),INDEX(Paces!$B$5:$K$15,MATCH(H4,Paces!$A$5:$A$15,0),MATCH(Q4,Paces!$B$4:$K$4,0)))))) -> HR under 153 | O4: =IF(AND(N(K4)>0,N(L4)>0),L4/K4,"") | Q4: E
A5: 46324 | B5: 1 | C5: Base | D5: Thu | E5: Easy + hill sprints | F5: Easy 35 min + 2 hill sprints (8 s) | G5: 4.3 | H5: =IF(C5="Base",'Start here'!$B$7,IF(C5="Build",'Start here'!$B$14,'Start here'!$B$15)) -> 32 | I5: =IF(Q5="","",IF(Q5="E","HR under "&ROUND('Start here'!$B$6*0.79,0),IF(Q5="REC","HR under "&ROUND('Start here'!$B$6*0.76,0),IF(Q5="L","HR "&ROUND('Start here'!$B$6*0.73,0)&" to "&ROUND('Start here'!$B$6*0.84,0),INDEX(Paces!$B$5:$K$15,MATCH(H5,Paces!$A$5:$A$15,0),MATCH(Q5,Paces!$B$4:$K$4,0)))))) -> HR under 153 | O5: =IF(AND(N(K5)>0,N(L5)>0),L5/K5,"") | Q5: E
A6: 46325 | B6: 1 | C6: Base | D6: Fri | E6: Rest | F6: Rest day. Optional 10 min core at home on Mon or Fri. | H6: =IF(C6="Base",'Start here'!$B$7,IF(C6="Build",'Start here'!$B$14,'Start here'!$B$15)) -> 32 | I6: =IF(Q6="","",IF(Q6="E","HR under "&ROUND('Start here'!$B$6*0.79,0),IF(Q6="REC","HR under "&ROUND('Start here'!$B$6*0.76,0),IF(Q6="L","HR "&ROUND('Start here'!$B$6*0.73,0)&" to "&ROUND('Start here'!$B$6*0.84,0),INDEX(Paces!$B$5:$K$15,MATCH(H6,Paces!$A$5:$A$15,0),MATCH(Q6,Paces!$B$4:$K$4,0)))))) | O6: =IF(AND(N(K6)>0,N(L6)>0),L6/K6,"")
A7: 46326 | B7: 1 | C7: Base | D7: Sat | E7: Long run | F7: Long 12 km easy, early morning | G7: 12 | H7: =IF(C7="Base",'Start here'!$B$7,IF(C7="Build",'Start here'!$B$14,'Start here'!$B$15)) -> 32 | I7: =IF(Q7="","",IF(Q7="E","HR under "&ROUND('Start here'!$B$6*0.79,0),IF(Q7="REC","HR under "&ROUND('Start here'!$B$6*0.76,0),IF(Q7="L","HR "&ROUND('Start here'!$B$6*0.73,0)&" to "&ROUND('Start here'!$B$6*0.84,0),INDEX(Paces!$B$5:$K$15,MATCH(H7,Paces!$A$5:$A$15,0),MATCH(Q7,Paces!$B$4:$K$4,0)))))) -> HR 142 to 163 | O7: =IF(AND(N(K7)>0,N(L7)>0),L7/K7,"") | Q7: L
A8: 46327 | B8: 1 | C8: Base | D8: Sun | E8: Recovery | F8: Recovery 30 min | G8: 3.6 | H8: =IF(C8="Base",'Start here'!$B$7,IF(C8="Build",'Start here'!$B$14,'Start here'!$B$15)) -> 32 | I8: =IF(Q8="","",IF(Q8="E","HR under "&ROUND('Start here'!$B$6*0.79,0),IF(Q8="REC","HR under "&ROUND('Start here'!$B$6*0.76,0),IF(Q8="L","HR "&ROUND('Start here'!$B$6*0.73,0)&" to "&ROUND('Start here'!$B$6*0.84,0),INDEX(Paces!$B$5:$K$15,MATCH(H8,Paces!$A$5:$A$15,0),MATCH(Q8,Paces!$B$4:$K$4,0)))))) -> HR under 147 | O8: =IF(AND(N(K8)>0,N(L8)>0),L8/K8,"") | Q8: REC
A9: 46328 | B9: 2 | C9: Base | D9: Mon | E9: Rest | F9: Rest day. Optional 10 min core at home on Mon or Fri. | H9: =IF(C9="Base",'Start here'!$B$7,IF(C9="Build",'Start here'!$B$14,'Start here'!$B$15)) -> 32 | I9: =IF(Q9="","",IF(Q9="E","HR under "&ROUND('Start here'!$B$6*0.79,0),IF(Q9="REC","HR under "&ROUND('Start here'!$B$6*0.76,0),IF(Q9="L","HR "&ROUND('Start here'!$B$6*0.73,0)&" to "&ROUND('Start here'!$B$6*0.84,0),INDEX(Paces!$B$5:$K$15,MATCH(H9,Paces!$A$5:$A$15,0),MATCH(Q9,Paces!$B$4:$K$4,0)))))) | O9: =IF(AND(N(K9)>0,N(L9)>0),L9/K9,"")
A10: 46329 | B10: 2 | C10: Base | D10: Tue | E10: Threshold | F10: 2 km easy · 2 × 1.6 km at T, 2 min jog · 1.5 km easy | G10: 7 | H10: =IF(C10="Base",'Start here'!$B$7,IF(C10="Build",'Start here'!$B$14,'Start here'!$B$15)) -> 32 | I10: =IF(Q10="","",IF(Q10="E","HR under "&ROUND('Start here'!$B$6*0.79,0),IF(Q10="REC","HR under "&ROUND('Start here'!$B$6*0.76,0),IF(Q10="L","HR "&ROUND('Start here'!$B$6*0.73,0)&" to "&ROUND('Start here'!$B$6*0.84,0),INDEX(Paces!$B$5:$K$15,MATCH(H10,Paces!$A$5:$A$15,0),MATCH(Q10,Paces!$B$4:$K$4,0)))))) -> 6:05/km | O10: =IF(AND(N(K10)>0,N(L10)>0),L10/K10,"") | Q10: T pace
A11: 46330 | B11: 2 | C11: Base | D11: Wed | E11: Easy + strides | F11: Easy 40 min + 6 strides | G11: 5.2 | H11: =IF(C11="Base",'Start here'!$B$7,IF(C11="Build",'Start here'!$B$14,'Start here'!$B$15)) -> 32 | I11: =IF(Q11="","",IF(Q11="E","HR under "&ROUND('Start here'!$B$6*0.79,0),IF(Q11="REC","HR under "&ROUND('Start here'!$B$6*0.76,0),IF(Q11="L","HR "&ROUND('Start here'!$B$6*0.73,0)&" to "&ROUND('Start here'!$B$6*0.84,0),INDEX(Paces!$B$5:$K$15,MATCH(H11,Paces!$A$5:$A$15,0),MATCH(Q11,Paces!$B$4:$K$4,0)))))) -> HR under 153 | O11: =IF(AND(N(K11)>0,N(L11)>0),L11/K11,"") | Q11: E
A12: 46331 | B12: 2 | C12: Base | D12: Thu | E12: Easy + hill sprints | F12: Easy 35 min + 4 hill sprints (8 s) | G12: 4.4 | H12: =IF(C12="Base",'Start here'!$B$7,IF(C12="Build",'Start here'!$B$14,'Start here'!$B$15)) -> 32 | I12: =IF(Q12="","",IF(Q12="E","HR under "&ROUND('Start here'!$B$6*0.79,0),IF(Q12="REC","HR under "&ROUND('Start here'!$B$6*0.76,0),IF(Q12="L","HR "&ROUND('Start here'!$B$6*0.73,0)&" to "&ROUND('Start here'!$B$6*0.84,0),INDEX(Paces!$B$5:$K$15,MATCH(H12,Paces!$A$5:$A$15,0),MATCH(Q12,Paces!$B$4:$K$4,0)))))) -> HR under 153 | O12: =IF(AND(N(K12)>0,N(L12)>0),L12/K12,"") | Q12: E
A13: 46332 | B13: 2 | C13: Base | D13: Fri | E13: Rest | F13: Rest day. Optional 10 min core at home on Mon or Fri. | H13: =IF(C13="Base",'Start here'!$B$7,IF(C13="Build",'Start here'!$B$14,'Start here'!$B$15)) -> 32 | I13: =IF(Q13="","",IF(Q13="E","HR under "&ROUND('Start here'!$B$6*0.79,0),IF(Q13="REC","HR under "&ROUND('Start here'!$B$6*0.76,0),IF(Q13="L","HR "&ROUND('Start here'!$B$6*0.73,0)&" to "&ROUND('Start here'!$B$6*0.84,0),INDEX(Paces!$B$5:$K$15,MATCH(H13,Paces!$A$5:$A$15,0),MATCH(Q13,Paces!$B$4:$K$4,0)))))) | O13: =IF(AND(N(K13)>0,N(L13)>0),L13/K13,"")
A14: 46333 | B14: 2 | C14: Base | D14: Sat | E14: Long run | F14: Long 12 km easy | G14: 12 | H14: =IF(C14="Base",'Start here'!$B$7,IF(C14="Build",'Start here'!$B$14,'Start here'!$B$15)) -> 32 | I14: =IF(Q14="","",IF(Q14="E","HR under "&ROUND('Start here'!$B$6*0.79,0),IF(Q14="REC","HR under "&ROUND('Start here'!$B$6*0.76,0),IF(Q14="L","HR "&ROUND('Start here'!$B$6*0.73,0)&" to "&ROUND('Start here'!$B$6*0.84,0),INDEX(Paces!$B$5:$K$15,MATCH(H14,Paces!$A$5:$A$15,0),MATCH(Q14,Paces!$B$4:$K$4,0)))))) -> HR 142 to 163 | O14: =IF(AND(N(K14)>0,N(L14)>0),L14/K14,"") | Q14: L
A15: 46334 | B15: 2 | C15: Base | D15: Sun | E15: Recovery | F15: Recovery 30 min | G15: 3.6 | H15: =IF(C15="Base",'Start here'!$B$7,IF(C15="Build",'Start here'!$B$14,'Start here'!$B$15)) -> 32 | I15: =IF(Q15="","",IF(Q15="E","HR under "&ROUND('Start here'!$B$6*0.79,0),IF(Q15="REC","HR under "&ROUND('Start here'!$B$6*0.76,0),IF(Q15="L","HR "&ROUND('Start here'!$B$6*0.73,0)&" to "&ROUND('Start here'!$B$6*0.84,0),INDEX(Paces!$B$5:$K$15,MATCH(H15,Paces!$A$5:$A$15,0),MATCH(Q15,Paces!$B$4:$K$4,0)))))) -> HR under 147 | O15: =IF(AND(N(K15)>0,N(L15)>0),L15/K15,"") | Q15: REC
A16: 46335 | B16: 3 | C16: Base | D16: Mon | E16: Rest | F16: Rest day. Optional 10 min core at home on Mon or Fri. | H16: =IF(C16="Base",'Start here'!$B$7,IF(C16="Build",'Start here'!$B$14,'Start here'!$B$15)) -> 32 | I16: =IF(Q16="","",IF(Q16="E","HR under "&ROUND('Start here'!$B$6*0.79,0),IF(Q16="REC","HR under "&ROUND('Start here'!$B$6*0.76,0),IF(Q16="L","HR "&ROUND('Start here'!$B$6*0.73,0)&" to "&ROUND('Start here'!$B$6*0.84,0),INDEX(Paces!$B$5:$K$15,MATCH(H16,Paces!$A$5:$A$15,0),MATCH(Q16,Paces!$B$4:$K$4,0)))))) | O16: =IF(AND(N(K16)>0,N(L16)>0),L16/K16,"")
A17: 46336 | B17: 3 | C17: Base | D17: Tue | E17: Threshold | F17: 2 km easy · 4 × 5 min at T, 1 min jog · 1.5 km easy | G17: 7.1 | H17: =IF(C17="Base",'Start here'!$B$7,IF(C17="Build",'Start here'!$B$14,'Start here'!$B$15)) -> 32 | I17: =IF(Q17="","",IF(Q17="E","HR under "&ROUND('Start here'!$B$6*0.79,0),IF(Q17="REC","HR under "&ROUND('Start here'!$B$6*0.76,0),IF(Q17="L","HR "&ROUND('Start here'!$B$6*0.73,0)&" to "&ROUND('Start here'!$B$6*0.84,0),INDEX(Paces!$B$5:$K$15,MATCH(H17,Paces!$A$5:$A$15,0),MATCH(Q17,Paces!$B$4:$K$4,0)))))) -> 6:05/km | O17: =IF(AND(N(K17)>0,N(L17)>0),L17/K17,"") | Q17: T pace
A18: 46337 | B18: 3 | C18: Base | D18: Wed | E18: Easy + strides | F18: Easy 40 min + 8 strides | G18: 5.3 | H18: =IF(C18="Base",'Start here'!$B$7,IF(C18="Build",'Start here'!$B$14,'Start here'!$B$15)) -> 32 | I18: =IF(Q18="","",IF(Q18="E","HR under "&ROUND('Start here'!$B$6*0.79,0),IF(Q18="REC","HR under "&ROUND('Start here'!$B$6*0.76,0),IF(Q18="L","HR "&ROUND('Start here'!$B$6*0.73,0)&" to "&ROUND('Start here'!$B$6*0.84,0),INDEX(Paces!$B$5:$K$15,MATCH(H18,Paces!$A$5:$A$15,0),MATCH(Q18,Paces!$B$4:$K$4,0)))))) -> HR under 153 | O18: =IF(AND(N(K18)>0,N(L18)>0),L18/K18,"") | Q18: E
A19: 46338 | B19: 3 | C19: Base | D19: Thu | E19: Easy + hill sprints | F19: Easy 40 min + 6 hill sprints (8 s) | G19: 5 | H19: =IF(C19="Base",'Start here'!$B$7,IF(C19="Build",'Start here'!$B$14,'Start here'!$B$15)) -> 32 | I19: =IF(Q19="","",IF(Q19="E","HR under "&ROUND('Start here'!$B$6*0.79,0),IF(Q19="REC","HR under "&ROUND('Start here'!$B$6*0.76,0),IF(Q19="L","HR "&ROUND('Start here'!$B$6*0.73,0)&" to "&ROUND('Start here'!$B$6*0.84,0),INDEX(Paces!$B$5:$K$15,MATCH(H19,Paces!$A$5:$A$15,0),MATCH(Q19,Paces!$B$4:$K$4,0)))))) -> HR under 153 | O19: =IF(AND(N(K19)>0,N(L19)>0),L19/K19,"") | Q19: E
A20: 46339 | B20: 3 | C20: Base | D20: Fri | E20: Rest | F20: Rest day. Optional 10 min core at home on Mon or Fri. | H20: =IF(C20="Base",'Start here'!$B$7,IF(C20="Build",'Start here'!$B$14,'Start here'!$B$15)) -> 32 | I20: =IF(Q20="","",IF(Q20="E","HR under "&ROUND('Start here'!$B$6*0.79,0),IF(Q20="REC","HR under "&ROUND('Start here'!$B$6*0.76,0),IF(Q20="L","HR "&ROUND('Start here'!$B$6*0.73,0)&" to "&ROUND('Start here'!$B$6*0.84,0),INDEX(Paces!$B$5:$K$15,MATCH(H20,Paces!$A$5:$A$15,0),MATCH(Q20,Paces!$B$4:$K$4,0)))))) | O20: =IF(AND(N(K20)>0,N(L20)>0),L20/K20,"")
A21: 46340 | B21: 3 | C21: Base | D21: Sat | E21: Long run | F21: Long 13 km easy | G21: 13 | H21: =IF(C21="Base",'Start here'!$B$7,IF(C21="Build",'Start here'!$B$14,'Start here'!$B$15)) -> 32 | I21: =IF(Q21="","",IF(Q21="E","HR under "&ROUND('Start here'!$B$6*0.79,0),IF(Q21="REC","HR under "&ROUND('Start here'!$B$6*0.76,0),IF(Q21="L","HR "&ROUND('Start here'!$B$6*0.73,0)&" to "&ROUND('Start here'!$B$6*0.84,0),INDEX(Paces!$B$5:$K$15,MATCH(H21,Paces!$A$5:$A$15,0),MATCH(Q21,Paces!$B$4:$K$4,0)))))) -> HR 142 to 163 | O21: =IF(AND(N(K21)>0,N(L21)>0),L21/K21,"") | Q21: L
A22: 46341 | B22: 3 | C22: Base | D22: Sun | E22: Recovery | F22: Recovery 30 min | G22: 3.6 | H22: =IF(C22="Base",'Start here'!$B$7,IF(C22="Build",'Start here'!$B$14,'Start here'!$B$15)) -> 32 | I22: =IF(Q22="","",IF(Q22="E","HR under "&ROUND('Start here'!$B$6*0.79,0),IF(Q22="REC","HR under "&ROUND('Start here'!$B$6*0.76,0),IF(Q22="L","HR "&ROUND('Start here'!$B$6*0.73,0)&" to "&ROUND('Start here'!$B$6*0.84,0),INDEX(Paces!$B$5:$K$15,MATCH(H22,Paces!$A$5:$A$15,0),MATCH(Q22,Paces!$B$4:$K$4,0)))))) -> HR under 147 | O22: =IF(AND(N(K22)>0,N(L22)>0),L22/K22,"") | Q22: REC
A23: 46342 | B23: 4 | C23: Base | D23: Mon | E23: Rest | F23: Rest day. Optional 10 min core at home on Mon or Fri. | H23: =IF(C23="Base",'Start here'!$B$7,IF(C23="Build",'Start here'!$B$14,'Start here'!$B$15)) -> 32 | I23: =IF(Q23="","",IF(Q23="E","HR under "&ROUND('Start here'!$B$6*0.79,0),IF(Q23="REC","HR under "&ROUND('Start here'!$B$6*0.76,0),IF(Q23="L","HR "&ROUND('Start here'!$B$6*0.73,0)&" to "&ROUND('Start here'!$B$6*0.84,0),INDEX(Paces!$B$5:$K$15,MATCH(H23,Paces!$A$5:$A$15,0),MATCH(Q23,Paces!$B$4:$K$4,0)))))) | O23: =IF(AND(N(K23)>0,N(L23)>0),L23/K23,"")
A24: 46343 | B24: 4 | C24: Base | D24: Tue | E24: Threshold | F24: 2 km easy · 3 × 1 km at T, 1 min jog · 1.5 km easy | G24: 6.7 | H24: =IF(C24="Base",'Start here'!$B$7,IF(C24="Build",'Start here'!$B$14,'Start here'!$B$15)) -> 32 | I24: =IF(Q24="","",IF(Q24="E","HR under "&ROUND('Start here'!$B$6*0.79,0),IF(Q24="REC","HR under "&ROUND('Start here'!$B$6*0.76,0),IF(Q24="L","HR "&ROUND('Start here'!$B$6*0.73,0)&" to "&ROUND('Start here'!$B$6*0.84,0),INDEX(Paces!$B$5:$K$15,MATCH(H24,Paces!$A$5:$A$15,0),MATCH(Q24,Paces!$B$4:$K$4,0)))))) -> 6:05/km | O24: =IF(AND(N(K24)>0,N(L24)>0),L24/K24,"") | Q24: T pace
A25: 46344 | B25: 4 | C25: Base | D25: Wed | E25: Easy + strides | F25: Easy 35 min + 6 strides (skip Gym B this week) | G25: 4.6 | H25: =IF(C25="Base",'Start here'!$B$7,IF(C25="Build",'Start here'!$B$14,'Start here'!$B$15)) -> 32 | I25: =IF(Q25="","",IF(Q25="E","HR under "&ROUND('Start here'!$B$6*0.79,0),IF(Q25="REC","HR under "&ROUND('Start here'!$B$6*0.76,0),IF(Q25="L","HR "&ROUND('Start here'!$B$6*0.73,0)&" to "&ROUND('Start here'!$B$6*0.84,0),INDEX(Paces!$B$5:$K$15,MATCH(H25,Paces!$A$5:$A$15,0),MATCH(Q25,Paces!$B$4:$K$4,0)))))) -> HR under 153 | O25: =IF(AND(N(K25)>0,N(L25)>0),L25/K25,"") | Q25: E
A26: 46345 | B26: 4 | C26: Base | D26: Thu | E26: Easy + strides | F26: Easy 30 min + 4 strides | G26: 3.9 | H26: =IF(C26="Base",'Start here'!$B$7,IF(C26="Build",'Start here'!$B$14,'Start here'!$B$15)) -> 32 | I26: =IF(Q26="","",IF(Q26="E","HR under "&ROUND('Start here'!$B$6*0.79,0),IF(Q26="REC","HR under "&ROUND('Start here'!$B$6*0.76,0),IF(Q26="L","HR "&ROUND('Start here'!$B$6*0.73,0)&" to "&ROUND('Start here'!$B$6*0.84,0),INDEX(Paces!$B$5:$K$15,MATCH(H26,Paces!$A$5:$A$15,0),MATCH(Q26,Paces!$B$4:$K$4,0)))))) -> HR under 153 | O26: =IF(AND(N(K26)>0,N(L26)>0),L26/K26,"") | Q26: E
A27: 46346 | B27: 4 | C27: Base | D27: Fri | E27: Rest | F27: Rest day. Optional 10 min core at home on Mon or Fri. | H27: =IF(C27="Base",'Start here'!$B$7,IF(C27="Build",'Start here'!$B$14,'Start here'!$B$15)) -> 32 | I27: =IF(Q27="","",IF(Q27="E","HR under "&ROUND('Start here'!$B$6*0.79,0),IF(Q27="REC","HR under "&ROUND('Start here'!$B$6*0.76,0),IF(Q27="L","HR "&ROUND('Start here'!$B$6*0.73,0)&" to "&ROUND('Start here'!$B$6*0.84,0),INDEX(Paces!$B$5:$K$15,MATCH(H27,Paces!$A$5:$A$15,0),MATCH(Q27,Paces!$B$4:$K$4,0)))))) | O27: =IF(AND(N(K27)>0,N(L27)>0),L27/K27,"")
A28: 46347 | B28: 4 | C28: Base | D28: Sat | E28: 5K time trial | F28: 2 km easy + 4 strides · 5 km hard at an even effort · 1.5 km easy. Enter your time in Paces to set your VDOT for the Build phase. | G28: 8.8 | H28: =IF(C28="Base",'Start here'!$B$7,IF(C28="Build",'Start here'!$B$14,'Start here'!$B$15)) -> 32 | I28: =IF(Q28="","",IF(Q28="E","HR under "&ROUND('Start here'!$B$6*0.79,0),IF(Q28="REC","HR under "&ROUND('Start here'!$B$6*0.76,0),IF(Q28="L","HR "&ROUND('Start here'!$B$6*0.73,0)&" to "&ROUND('Start here'!$B$6*0.84,0),INDEX(Paces!$B$5:$K$15,MATCH(H28,Paces!$A$5:$A$15,0),MATCH(Q28,Paces!$B$4:$K$4,0)))))) | O28: =IF(AND(N(K28)>0,N(L28)>0),L28/K28,"")
A29: 46348 | B29: 4 | C29: Base | D29: Sun | E29: Recovery | F29: Recovery 30 min | G29: 3.6 | H29: =IF(C29="Base",'Start here'!$B$7,IF(C29="Build",'Start here'!$B$14,'Start here'!$B$15)) -> 32 | I29: =IF(Q29="","",IF(Q29="E","HR under "&ROUND('Start here'!$B$6*0.79,0),IF(Q29="REC","HR under "&ROUND('Start here'!$B$6*0.76,0),IF(Q29="L","HR "&ROUND('Start here'!$B$6*0.73,0)&" to "&ROUND('Start here'!$B$6*0.84,0),INDEX(Paces!$B$5:$K$15,MATCH(H29,Paces!$A$5:$A$15,0),MATCH(Q29,Paces!$B$4:$K$4,0)))))) -> HR under 147 | O29: =IF(AND(N(K29)>0,N(L29)>0),L29/K29,"") | Q29: REC
A30: 46349 | B30: 5 | C30: Build | D30: Mon | E30: Rest | F30: Rest day. Optional 10 min core at home on Mon or Fri. | H30: =IF(C30="Base",'Start here'!$B$7,IF(C30="Build",'Start here'!$B$14,'Start here'!$B$15)) -> 32 | I30: =IF(Q30="","",IF(Q30="E","HR under "&ROUND('Start here'!$B$6*0.79,0),IF(Q30="REC","HR under "&ROUND('Start here'!$B$6*0.76,0),IF(Q30="L","HR "&ROUND('Start here'!$B$6*0.73,0)&" to "&ROUND('Start here'!$B$6*0.84,0),INDEX(Paces!$B$5:$K$15,MATCH(H30,Paces!$A$5:$A$15,0),MATCH(Q30,Paces!$B$4:$K$4,0)))))) | O30: =IF(AND(N(K30)>0,N(L30)>0),L30/K30,"")
A31: 46350 | B31: 5 | C31: Build | D31: Tue | E31: Threshold | F31: 2 km easy · 3 × 7 min at T, 1 min jog · 1.5 km easy | G31: 7.2 | H31: =IF(C31="Base",'Start here'!$B$7,IF(C31="Build",'Start here'!$B$14,'Start here'!$B$15)) -> 32 | I31: =IF(Q31="","",IF(Q31="E","HR under "&ROUND('Start here'!$B$6*0.79,0),IF(Q31="REC","HR under "&ROUND('Start here'!$B$6*0.76,0),IF(Q31="L","HR "&ROUND('Start here'!$B$6*0.73,0)&" to "&ROUND('Start here'!$B$6*0.84,0),INDEX(Paces!$B$5:$K$15,MATCH(H31,Paces!$A$5:$A$15,0),MATCH(Q31,Paces!$B$4:$K$4,0)))))) -> 6:05/km | O31: =IF(AND(N(K31)>0,N(L31)>0),L31/K31,"") | Q31: T pace
A32: 46351 | B32: 5 | C32: Build | D32: Wed | E32: Easy + hill sprints | F32: Easy 40 min + 8 hill sprints (8 s) | G32: 5 | H32: =IF(C32="Base",'Start here'!$B$7,IF(C32="Build",'Start here'!$B$14,'Start here'!$B$15)) -> 32 | I32: =IF(Q32="","",IF(Q32="E","HR under "&ROUND('Start here'!$B$6*0.79,0),IF(Q32="REC","HR under "&ROUND('Start here'!$B$6*0.76,0),IF(Q32="L","HR "&ROUND('Start here'!$B$6*0.73,0)&" to "&ROUND('Start here'!$B$6*0.84,0),INDEX(Paces!$B$5:$K$15,MATCH(H32,Paces!$A$5:$A$15,0),MATCH(Q32,Paces!$B$4:$K$4,0)))))) -> HR under 153 | O32: =IF(AND(N(K32)>0,N(L32)>0),L32/K32,"") | Q32: E
A33: 46352 | B33: 5 | C33: Build | D33: Thu | E33: R session | F33: 2 km easy · 8 × 200 m at R, 200 m jog · 1.5 km easy | G33: 6.7 | H33: =IF(C33="Base",'Start here'!$B$7,IF(C33="Build",'Start here'!$B$14,'Start here'!$B$15)) -> 32 | I33: =IF(Q33="","",IF(Q33="E","HR under "&ROUND('Start here'!$B$6*0.79,0),IF(Q33="REC","HR under "&ROUND('Start here'!$B$6*0.76,0),IF(Q33="L","HR "&ROUND('Start here'!$B$6*0.73,0)&" to "&ROUND('Start here'!$B$6*0.84,0),INDEX(Paces!$B$5:$K$15,MATCH(H33,Paces!$A$5:$A$15,0),MATCH(Q33,Paces!$B$4:$K$4,0)))))) -> 63 s per 200 m | O33: =IF(AND(N(K33)>0,N(L33)>0),L33/K33,"") | Q33: R 200 m
A34: 46353 | B34: 5 | C34: Build | D34: Fri | E34: Rest | F34: Rest day. Optional 10 min core at home on Mon or Fri. | H34: =IF(C34="Base",'Start here'!$B$7,IF(C34="Build",'Start here'!$B$14,'Start here'!$B$15)) -> 32 | I34: =IF(Q34="","",IF(Q34="E","HR under "&ROUND('Start here'!$B$6*0.79,0),IF(Q34="REC","HR under "&ROUND('Start here'!$B$6*0.76,0),IF(Q34="L","HR "&ROUND('Start here'!$B$6*0.73,0)&" to "&ROUND('Start here'!$B$6*0.84,0),INDEX(Paces!$B$5:$K$15,MATCH(H34,Paces!$A$5:$A$15,0),MATCH(Q34,Paces!$B$4:$K$4,0)))))) | O34: =IF(AND(N(K34)>0,N(L34)>0),L34/K34,"")
A35: 46354 | B35: 5 | C35: Build | D35: Sat | E35: Long run | F35: Long 13 km easy | G35: 13 | H35: =IF(C35="Base",'Start here'!$B$7,IF(C35="Build",'Start here'!$B$14,'Start here'!$B$15)) -> 32 | I35: =IF(Q35="","",IF(Q35="E","HR under "&ROUND('Start here'!$B$6*0.79,0),IF(Q35="REC","HR under "&ROUND('Start here'!$B$6*0.76,0),IF(Q35="L","HR "&ROUND('Start here'!$B$6*0.73,0)&" to "&ROUND('Start here'!$B$6*0.84,0),INDEX(Paces!$B$5:$K$15,MATCH(H35,Paces!$A$5:$A$15,0),MATCH(Q35,Paces!$B$4:$K$4,0)))))) -> HR 142 to 163 | O35: =IF(AND(N(K35)>0,N(L35)>0),L35/K35,"") | Q35: L
A36: 46355 | B36: 5 | C36: Build | D36: Sun | E36: Recovery + strides | F36: Recovery 35 min + 6 strides | G36: 4.6 | H36: =IF(C36="Base",'Start here'!$B$7,IF(C36="Build",'Start here'!$B$14,'Start here'!$B$15)) -> 32 | I36: =IF(Q36="","",IF(Q36="E","HR under "&ROUND('Start here'!$B$6*0.79,0),IF(Q36="REC","HR under "&ROUND('Start here'!$B$6*0.76,0),IF(Q36="L","HR "&ROUND('Start here'!$B$6*0.73,0)&" to "&ROUND('Start here'!$B$6*0.84,0),INDEX(Paces!$B$5:$K$15,MATCH(H36,Paces!$A$5:$A$15,0),MATCH(Q36,Paces!$B$4:$K$4,0)))))) -> HR under 147 | O36: =IF(AND(N(K36)>0,N(L36)>0),L36/K36,"") | Q36: REC
A37: 46356 | B37: 6 | C37: Build | D37: Mon | E37: Rest | F37: Rest day. Optional 10 min core at home on Mon or Fri. | H37: =IF(C37="Base",'Start here'!$B$7,IF(C37="Build",'Start here'!$B$14,'Start here'!$B$15)) -> 32 | I37: =IF(Q37="","",IF(Q37="E","HR under "&ROUND('Start here'!$B$6*0.79,0),IF(Q37="REC","HR under "&ROUND('Start here'!$B$6*0.76,0),IF(Q37="L","HR "&ROUND('Start here'!$B$6*0.73,0)&" to "&ROUND('Start here'!$B$6*0.84,0),INDEX(Paces!$B$5:$K$15,MATCH(H37,Paces!$A$5:$A$15,0),MATCH(Q37,Paces!$B$4:$K$4,0)))))) | O37: =IF(AND(N(K37)>0,N(L37)>0),L37/K37,"")
A38: 46357 | B38: 6 | C38: Build | D38: Tue | E38: Threshold | F38: 2 km easy · 2 × 10 min at T, 2 min jog · 1.5 km easy | G38: 7 | H38: =IF(C38="Base",'Start here'!$B$7,IF(C38="Build",'Start here'!$B$14,'Start here'!$B$15)) -> 32 | I38: =IF(Q38="","",IF(Q38="E","HR under "&ROUND('Start here'!$B$6*0.79,0),IF(Q38="REC","HR under "&ROUND('Start here'!$B$6*0.76,0),IF(Q38="L","HR "&ROUND('Start here'!$B$6*0.73,0)&" to "&ROUND('Start here'!$B$6*0.84,0),INDEX(Paces!$B$5:$K$15,MATCH(H38,Paces!$A$5:$A$15,0),MATCH(Q38,Paces!$B$4:$K$4,0)))))) -> 6:05/km | O38: =IF(AND(N(K38)>0,N(L38)>0),L38/K38,"") | Q38: T pace
A39: 46358 | B39: 6 | C39: Build | D39: Wed | E39: Easy + hill sprints | F39: Easy 40 min + 8 hill sprints (10 s) | G39: 5.1 | H39: =IF(C39="Base",'Start here'!$B$7,IF(C39="Build",'Start here'!$B$14,'Start here'!$B$15)) -> 32 | I39: =IF(Q39="","",IF(Q39="E","HR under "&ROUND('Start here'!$B$6*0.79,0),IF(Q39="REC","HR under "&ROUND('Start here'!$B$6*0.76,0),IF(Q39="L","HR "&ROUND('Start here'!$B$6*0.73,0)&" to "&ROUND('Start here'!$B$6*0.84,0),INDEX(Paces!$B$5:$K$15,MATCH(H39,Paces!$A$5:$A$15,0),MATCH(Q39,Paces!$B$4:$K$4,0)))))) -> HR under 153 | O39: =IF(AND(N(K39)>0,N(L39)>0),L39/K39,"") | Q39: E
A40: 46359 | B40: 6 | C40: Build | D40: Thu | E40: I session | F40: 2 km easy · 4 × 4 min at I, 3 min jog · 1.5 km easy | G40: 7.5 | H40: =IF(C40="Base",'Start here'!$B$7,IF(C40="Build",'Start here'!$B$14,'Start here'!$B$15)) -> 32 | I40: =IF(Q40="","",IF(Q40="E","HR under "&ROUND('Start here'!$B$6*0.79,0),IF(Q40="REC","HR under "&ROUND('Start here'!$B$6*0.76,0),IF(Q40="L","HR "&ROUND('Start here'!$B$6*0.73,0)&" to "&ROUND('Start here'!$B$6*0.84,0),INDEX(Paces!$B$5:$K$15,MATCH(H40,Paces!$A$5:$A$15,0),MATCH(Q40,Paces!$B$4:$K$4,0)))))) -> 5:35/km (2:14 per 400 m) | O40: =IF(AND(N(K40)>0,N(L40)>0),L40/K40,"") | Q40: I pace
A41: 46360 | B41: 6 | C41: Build | D41: Fri | E41: Rest | F41: Rest day. Optional 10 min core at home on Mon or Fri. | H41: =IF(C41="Base",'Start here'!$B$7,IF(C41="Build",'Start here'!$B$14,'Start here'!$B$15)) -> 32 | I41: =IF(Q41="","",IF(Q41="E","HR under "&ROUND('Start here'!$B$6*0.79,0),IF(Q41="REC","HR under "&ROUND('Start here'!$B$6*0.76,0),IF(Q41="L","HR "&ROUND('Start here'!$B$6*0.73,0)&" to "&ROUND('Start here'!$B$6*0.84,0),INDEX(Paces!$B$5:$K$15,MATCH(H41,Paces!$A$5:$A$15,0),MATCH(Q41,Paces!$B$4:$K$4,0)))))) | O41: =IF(AND(N(K41)>0,N(L41)>0),L41/K41,"")
A42: 46361 | B42: 6 | C42: Build | D42: Sat | E42: Long run, M finish | F42: Long 13 km: 8 km easy, then 5 km at M | G42: 13 | H42: =IF(C42="Base",'Start here'!$B$7,IF(C42="Build",'Start here'!$B$14,'Start here'!$B$15)) -> 32 | I42: =IF(Q42="","",IF(Q42="E","HR under "&ROUND('Start here'!$B$6*0.79,0),IF(Q42="REC","HR under "&ROUND('Start here'!$B$6*0.76,0),IF(Q42="L","HR "&ROUND('Start here'!$B$6*0.73,0)&" to "&ROUND('Start here'!$B$6*0.84,0),INDEX(Paces!$B$5:$K$15,MATCH(H42,Paces!$A$5:$A$15,0),MATCH(Q42,Paces!$B$4:$K$4,0)))))) -> 6:40/km | O42: =IF(AND(N(K42)>0,N(L42)>0),L42/K42,"") | Q42: M pace
A43: 46362 | B43: 6 | C43: Build | D43: Sun | E43: Recovery + strides | F43: Recovery 35 min + 6 strides | G43: 4.6 | H43: =IF(C43="Base",'Start here'!$B$7,IF(C43="Build",'Start here'!$B$14,'Start here'!$B$15)) -> 32 | I43: =IF(Q43="","",IF(Q43="E","HR under "&ROUND('Start here'!$B$6*0.79,0),IF(Q43="REC","HR under "&ROUND('Start here'!$B$6*0.76,0),IF(Q43="L","HR "&ROUND('Start here'!$B$6*0.73,0)&" to "&ROUND('Start here'!$B$6*0.84,0),INDEX(Paces!$B$5:$K$15,MATCH(H43,Paces!$A$5:$A$15,0),MATCH(Q43,Paces!$B$4:$K$4,0)))))) -> HR under 147 | O43: =IF(AND(N(K43)>0,N(L43)>0),L43/K43,"") | Q43: REC
A44: 46363 | B44: 7 | C44: Build | D44: Mon | E44: Rest | F44: Rest day. Optional 10 min core at home on Mon or Fri. | H44: =IF(C44="Base",'Start here'!$B$7,IF(C44="Build",'Start here'!$B$14,'Start here'!$B$15)) -> 32 | I44: =IF(Q44="","",IF(Q44="E","HR under "&ROUND('Start here'!$B$6*0.79,0),IF(Q44="REC","HR under "&ROUND('Start here'!$B$6*0.76,0),IF(Q44="L","HR "&ROUND('Start here'!$B$6*0.73,0)&" to "&ROUND('Start here'!$B$6*0.84,0),INDEX(Paces!$B$5:$K$15,MATCH(H44,Paces!$A$5:$A$15,0),MATCH(Q44,Paces!$B$4:$K$4,0)))))) | O44: =IF(AND(N(K44)>0,N(L44)>0),L44/K44,"")
A45: 46364 | B45: 7 | C45: Build | D45: Tue | E45: Threshold | F45: 2 km easy · 3 × 8 min at T, 1 min jog · 1.5 km easy | G45: 7.7 | H45: =IF(C45="Base",'Start here'!$B$7,IF(C45="Build",'Start here'!$B$14,'Start here'!$B$15)) -> 32 | I45: =IF(Q45="","",IF(Q45="E","HR under "&ROUND('Start here'!$B$6*0.79,0),IF(Q45="REC","HR under "&ROUND('Start here'!$B$6*0.76,0),IF(Q45="L","HR "&ROUND('Start here'!$B$6*0.73,0)&" to "&ROUND('Start here'!$B$6*0.84,0),INDEX(Paces!$B$5:$K$15,MATCH(H45,Paces!$A$5:$A$15,0),MATCH(Q45,Paces!$B$4:$K$4,0)))))) -> 6:05/km | O45: =IF(AND(N(K45)>0,N(L45)>0),L45/K45,"") | Q45: T pace
A46: 46365 | B46: 7 | C46: Build | D46: Wed | E46: Easy + hill sprints | F46: Easy 40 min + 8 hill sprints (10 s) | G46: 5.1 | H46: =IF(C46="Base",'Start here'!$B$7,IF(C46="Build",'Start here'!$B$14,'Start here'!$B$15)) -> 32 | I46: =IF(Q46="","",IF(Q46="E","HR under "&ROUND('Start here'!$B$6*0.79,0),IF(Q46="REC","HR under "&ROUND('Start here'!$B$6*0.76,0),IF(Q46="L","HR "&ROUND('Start here'!$B$6*0.73,0)&" to "&ROUND('Start here'!$B$6*0.84,0),INDEX(Paces!$B$5:$K$15,MATCH(H46,Paces!$A$5:$A$15,0),MATCH(Q46,Paces!$B$4:$K$4,0)))))) -> HR under 153 | O46: =IF(AND(N(K46)>0,N(L46)>0),L46/K46,"") | Q46: E
A47: 46366 | B47: 7 | C47: Build | D47: Thu | E47: R session | F47: 2 km easy · 6 × 300 m at R, 300 m jog · 1.5 km easy | G47: 7.1 | H47: =IF(C47="Base",'Start here'!$B$7,IF(C47="Build",'Start here'!$B$14,'Start here'!$B$15)) -> 32 | I47: =IF(Q47="","",IF(Q47="E","HR under "&ROUND('Start here'!$B$6*0.79,0),IF(Q47="REC","HR under "&ROUND('Start here'!$B$6*0.76,0),IF(Q47="L","HR "&ROUND('Start here'!$B$6*0.73,0)&" to "&ROUND('Start here'!$B$6*0.84,0),INDEX(Paces!$B$5:$K$15,MATCH(H47,Paces!$A$5:$A$15,0),MATCH(Q47,Paces!$B$4:$K$4,0)))))) -> 95 s per 300 m | O47: =IF(AND(N(K47)>0,N(L47)>0),L47/K47,"") | Q47: R 300 m
A48: 46367 | B48: 7 | C48: Build | D48: Fri | E48: Rest | F48: Rest day. Optional 10 min core at home on Mon or Fri. | H48: =IF(C48="Base",'Start here'!$B$7,IF(C48="Build",'Start here'!$B$14,'Start here'!$B$15)) -> 32 | I48: =IF(Q48="","",IF(Q48="E","HR under "&ROUND('Start here'!$B$6*0.79,0),IF(Q48="REC","HR under "&ROUND('Start here'!$B$6*0.76,0),IF(Q48="L","HR "&ROUND('Start here'!$B$6*0.73,0)&" to "&ROUND('Start here'!$B$6*0.84,0),INDEX(Paces!$B$5:$K$15,MATCH(H48,Paces!$A$5:$A$15,0),MATCH(Q48,Paces!$B$4:$K$4,0)))))) | O48: =IF(AND(N(K48)>0,N(L48)>0),L48/K48,"")
A49: 46368 | B49: 7 | C49: Build | D49: Sat | E49: Long run | F49: Long 14 km easy | G49: 14 | H49: =IF(C49="Base",'Start here'!$B$7,IF(C49="Build",'Start here'!$B$14,'Start here'!$B$15)) -> 32 | I49: =IF(Q49="","",IF(Q49="E","HR under "&ROUND('Start here'!$B$6*0.79,0),IF(Q49="REC","HR under "&ROUND('Start here'!$B$6*0.76,0),IF(Q49="L","HR "&ROUND('Start here'!$B$6*0.73,0)&" to "&ROUND('Start here'!$B$6*0.84,0),INDEX(Paces!$B$5:$K$15,MATCH(H49,Paces!$A$5:$A$15,0),MATCH(Q49,Paces!$B$4:$K$4,0)))))) -> HR 142 to 163 | O49: =IF(AND(N(K49)>0,N(L49)>0),L49/K49,"") | Q49: L
A50: 46369 | B50: 7 | C50: Build | D50: Sun | E50: Recovery + strides | F50: Recovery 35 min + 6 strides | G50: 4.6 | H50: =IF(C50="Base",'Start here'!$B$7,IF(C50="Build",'Start here'!$B$14,'Start here'!$B$15)) -> 32 | I50: =IF(Q50="","",IF(Q50="E","HR under "&ROUND('Start here'!$B$6*0.79,0),IF(Q50="REC","HR under "&ROUND('Start here'!$B$6*0.76,0),IF(Q50="L","HR "&ROUND('Start here'!$B$6*0.73,0)&" to "&ROUND('Start here'!$B$6*0.84,0),INDEX(Paces!$B$5:$K$15,MATCH(H50,Paces!$A$5:$A$15,0),MATCH(Q50,Paces!$B$4:$K$4,0)))))) -> HR under 147 | O50: =IF(AND(N(K50)>0,N(L50)>0),L50/K50,"") | Q50: REC
A51: 46370 | B51: 8 | C51: Build | D51: Mon | E51: Rest | F51: Rest day. Optional 10 min core at home on Mon or Fri. | H51: =IF(C51="Base",'Start here'!$B$7,IF(C51="Build",'Start here'!$B$14,'Start here'!$B$15)) -> 32 | I51: =IF(Q51="","",IF(Q51="E","HR under "&ROUND('Start here'!$B$6*0.79,0),IF(Q51="REC","HR under "&ROUND('Start here'!$B$6*0.76,0),IF(Q51="L","HR "&ROUND('Start here'!$B$6*0.73,0)&" to "&ROUND('Start here'!$B$6*0.84,0),INDEX(Paces!$B$5:$K$15,MATCH(H51,Paces!$A$5:$A$15,0),MATCH(Q51,Paces!$B$4:$K$4,0)))))) | O51: =IF(AND(N(K51)>0,N(L51)>0),L51/K51,"")
A52: 46371 | B52: 8 | C52: Build | D52: Tue | E52: Threshold | F52: 2 km easy · 3 × 1 km at T, 1 min jog · 1.5 km easy | G52: 6.7 | H52: =IF(C52="Base",'Start here'!$B$7,IF(C52="Build",'Start here'!$B$14,'Start here'!$B$15)) -> 32 | I52: =IF(Q52="","",IF(Q52="E","HR under "&ROUND('Start here'!$B$6*0.79,0),IF(Q52="REC","HR under "&ROUND('Start here'!$B$6*0.76,0),IF(Q52="L","HR "&ROUND('Start here'!$B$6*0.73,0)&" to "&ROUND('Start here'!$B$6*0.84,0),INDEX(Paces!$B$5:$K$15,MATCH(H52,Paces!$A$5:$A$15,0),MATCH(Q52,Paces!$B$4:$K$4,0)))))) -> 6:05/km | O52: =IF(AND(N(K52)>0,N(L52)>0),L52/K52,"") | Q52: T pace
A53: 46372 | B53: 8 | C53: Build | D53: Wed | E53: Easy + hill sprints | F53: Easy 40 min + 4 hill sprints (10 s) (skip Gym B this week) | G53: 5 | H53: =IF(C53="Base",'Start here'!$B$7,IF(C53="Build",'Start here'!$B$14,'Start here'!$B$15)) -> 32 | I53: =IF(Q53="","",IF(Q53="E","HR under "&ROUND('Start here'!$B$6*0.79,0),IF(Q53="REC","HR under "&ROUND('Start here'!$B$6*0.76,0),IF(Q53="L","HR "&ROUND('Start here'!$B$6*0.73,0)&" to "&ROUND('Start here'!$B$6*0.84,0),INDEX(Paces!$B$5:$K$15,MATCH(H53,Paces!$A$5:$A$15,0),MATCH(Q53,Paces!$B$4:$K$4,0)))))) -> HR under 153 | O53: =IF(AND(N(K53)>0,N(L53)>0),L53/K53,"") | Q53: E
A54: 46373 | B54: 8 | C54: Build | D54: Thu | E54: Easy + strides | F54: Easy 30 min + 6 strides | G54: 4 | H54: =IF(C54="Base",'Start here'!$B$7,IF(C54="Build",'Start here'!$B$14,'Start here'!$B$15)) -> 32 | I54: =IF(Q54="","",IF(Q54="E","HR under "&ROUND('Start here'!$B$6*0.79,0),IF(Q54="REC","HR under "&ROUND('Start here'!$B$6*0.76,0),IF(Q54="L","HR "&ROUND('Start here'!$B$6*0.73,0)&" to "&ROUND('Start here'!$B$6*0.84,0),INDEX(Paces!$B$5:$K$15,MATCH(H54,Paces!$A$5:$A$15,0),MATCH(Q54,Paces!$B$4:$K$4,0)))))) -> HR under 153 | O54: =IF(AND(N(K54)>0,N(L54)>0),L54/K54,"") | Q54: E
A55: 46374 | B55: 8 | C55: Build | D55: Fri | E55: Rest | F55: Rest day. Optional 10 min core at home on Mon or Fri. | H55: =IF(C55="Base",'Start here'!$B$7,IF(C55="Build",'Start here'!$B$14,'Start here'!$B$15)) -> 32 | I55: =IF(Q55="","",IF(Q55="E","HR under "&ROUND('Start here'!$B$6*0.79,0),IF(Q55="REC","HR under "&ROUND('Start here'!$B$6*0.76,0),IF(Q55="L","HR "&ROUND('Start here'!$B$6*0.73,0)&" to "&ROUND('Start here'!$B$6*0.84,0),INDEX(Paces!$B$5:$K$15,MATCH(H55,Paces!$A$5:$A$15,0),MATCH(Q55,Paces!$B$4:$K$4,0)))))) | O55: =IF(AND(N(K55)>0,N(L55)>0),L55/K55,"")
A56: 46375 | B56: 8 | C56: Build | D56: Sat | E56: 10K time trial or race | F56: 2 km easy + 4 strides · 10 km · 1.5 km easy. Enter your time in Paces: it sets your VDOT and goal pace for the last phase. | G56: 13.8 | H56: =IF(C56="Base",'Start here'!$B$7,IF(C56="Build",'Start here'!$B$14,'Start here'!$B$15)) -> 32 | I56: =IF(Q56="","",IF(Q56="E","HR under "&ROUND('Start here'!$B$6*0.79,0),IF(Q56="REC","HR under "&ROUND('Start here'!$B$6*0.76,0),IF(Q56="L","HR "&ROUND('Start here'!$B$6*0.73,0)&" to "&ROUND('Start here'!$B$6*0.84,0),INDEX(Paces!$B$5:$K$15,MATCH(H56,Paces!$A$5:$A$15,0),MATCH(Q56,Paces!$B$4:$K$4,0)))))) | O56: =IF(AND(N(K56)>0,N(L56)>0),L56/K56,"")
A57: 46376 | B57: 8 | C57: Build | D57: Sun | E57: Recovery | F57: Recovery 30 min (skip Gym A this week) | G57: 3.6 | H57: =IF(C57="Base",'Start here'!$B$7,IF(C57="Build",'Start here'!$B$14,'Start here'!$B$15)) -> 32 | I57: =IF(Q57="","",IF(Q57="E","HR under "&ROUND('Start here'!$B$6*0.79,0),IF(Q57="REC","HR under "&ROUND('Start here'!$B$6*0.76,0),IF(Q57="L","HR "&ROUND('Start here'!$B$6*0.73,0)&" to "&ROUND('Start here'!$B$6*0.84,0),INDEX(Paces!$B$5:$K$15,MATCH(H57,Paces!$A$5:$A$15,0),MATCH(Q57,Paces!$B$4:$K$4,0)))))) -> HR under 147 | O57: =IF(AND(N(K57)>0,N(L57)>0),L57/K57,"") | Q57: REC
A58: 46377 | B58: 9 | C58: Build | D58: Mon | E58: Rest | F58: Rest day. Optional 10 min core at home on Mon or Fri. | H58: =IF(C58="Base",'Start here'!$B$7,IF(C58="Build",'Start here'!$B$14,'Start here'!$B$15)) -> 32 | I58: =IF(Q58="","",IF(Q58="E","HR under "&ROUND('Start here'!$B$6*0.79,0),IF(Q58="REC","HR under "&ROUND('Start here'!$B$6*0.76,0),IF(Q58="L","HR "&ROUND('Start here'!$B$6*0.73,0)&" to "&ROUND('Start here'!$B$6*0.84,0),INDEX(Paces!$B$5:$K$15,MATCH(H58,Paces!$A$5:$A$15,0),MATCH(Q58,Paces!$B$4:$K$4,0)))))) | O58: =IF(AND(N(K58)>0,N(L58)>0),L58/K58,"")
A59: 46378 | B59: 9 | C59: Build | D59: Tue | E59: Easy + strides | F59: Easy 40 min + 6 strides (still recovering from the 10K) | G59: 5.2 | H59: =IF(C59="Base",'Start here'!$B$7,IF(C59="Build",'Start here'!$B$14,'Start here'!$B$15)) -> 32 | I59: =IF(Q59="","",IF(Q59="E","HR under "&ROUND('Start here'!$B$6*0.79,0),IF(Q59="REC","HR under "&ROUND('Start here'!$B$6*0.76,0),IF(Q59="L","HR "&ROUND('Start here'!$B$6*0.73,0)&" to "&ROUND('Start here'!$B$6*0.84,0),INDEX(Paces!$B$5:$K$15,MATCH(H59,Paces!$A$5:$A$15,0),MATCH(Q59,Paces!$B$4:$K$4,0)))))) -> HR under 153 | O59: =IF(AND(N(K59)>0,N(L59)>0),L59/K59,"") | Q59: E
A60: 46379 | B60: 9 | C60: Build | D60: Wed | E60: Easy + hill sprints | F60: Easy 40 min + 6 hill sprints (10 s) | G60: 5 | H60: =IF(C60="Base",'Start here'!$B$7,IF(C60="Build",'Start here'!$B$14,'Start here'!$B$15)) -> 32 | I60: =IF(Q60="","",IF(Q60="E","HR under "&ROUND('Start here'!$B$6*0.79,0),IF(Q60="REC","HR under "&ROUND('Start here'!$B$6*0.76,0),IF(Q60="L","HR "&ROUND('Start here'!$B$6*0.73,0)&" to "&ROUND('Start here'!$B$6*0.84,0),INDEX(Paces!$B$5:$K$15,MATCH(H60,Paces!$A$5:$A$15,0),MATCH(Q60,Paces!$B$4:$K$4,0)))))) -> HR under 153 | O60: =IF(AND(N(K60)>0,N(L60)>0),L60/K60,"") | Q60: E
A61: 46380 | B61: 9 | C61: Build | D61: Thu | E61: Threshold | F61: 2 km easy · 2 × 10 min at T, 2 min jog · 1.5 km easy | G61: 7 | H61: =IF(C61="Base",'Start here'!$B$7,IF(C61="Build",'Start here'!$B$14,'Start here'!$B$15)) -> 32 | I61: =IF(Q61="","",IF(Q61="E","HR under "&ROUND('Start here'!$B$6*0.79,0),IF(Q61="REC","HR under "&ROUND('Start here'!$B$6*0.76,0),IF(Q61="L","HR "&ROUND('Start here'!$B$6*0.73,0)&" to "&ROUND('Start here'!$B$6*0.84,0),INDEX(Paces!$B$5:$K$15,MATCH(H61,Paces!$A$5:$A$15,0),MATCH(Q61,Paces!$B$4:$K$4,0)))))) -> 6:05/km | O61: =IF(AND(N(K61)>0,N(L61)>0),L61/K61,"") | Q61: T pace
A62: 46381 | B62: 9 | C62: Build | D62: Fri | E62: Rest | F62: Rest day. Optional 10 min core at home on Mon or Fri. | H62: =IF(C62="Base",'Start here'!$B$7,IF(C62="Build",'Start here'!$B$14,'Start here'!$B$15)) -> 32 | I62: =IF(Q62="","",IF(Q62="E","HR under "&ROUND('Start here'!$B$6*0.79,0),IF(Q62="REC","HR under "&ROUND('Start here'!$B$6*0.76,0),IF(Q62="L","HR "&ROUND('Start here'!$B$6*0.73,0)&" to "&ROUND('Start here'!$B$6*0.84,0),INDEX(Paces!$B$5:$K$15,MATCH(H62,Paces!$A$5:$A$15,0),MATCH(Q62,Paces!$B$4:$K$4,0)))))) | O62: =IF(AND(N(K62)>0,N(L62)>0),L62/K62,"")
A63: 46382 | B63: 9 | C63: Build | D63: Sat | E63: Long run, M finish | F63: Long 14 km: 9 km easy, then 5 km at M | G63: 14 | H63: =IF(C63="Base",'Start here'!$B$7,IF(C63="Build",'Start here'!$B$14,'Start here'!$B$15)) -> 32 | I63: =IF(Q63="","",IF(Q63="E","HR under "&ROUND('Start here'!$B$6*0.79,0),IF(Q63="REC","HR under "&ROUND('Start here'!$B$6*0.76,0),IF(Q63="L","HR "&ROUND('Start here'!$B$6*0.73,0)&" to "&ROUND('Start here'!$B$6*0.84,0),INDEX(Paces!$B$5:$K$15,MATCH(H63,Paces!$A$5:$A$15,0),MATCH(Q63,Paces!$B$4:$K$4,0)))))) -> 6:40/km | O63: =IF(AND(N(K63)>0,N(L63)>0),L63/K63,"") | Q63: M pace
A64: 46383 | B64: 9 | C64: Build | D64: Sun | E64: Recovery + strides | F64: Recovery 35 min + 6 strides | G64: 4.6 | H64: =IF(C64="Base",'Start here'!$B$7,IF(C64="Build",'Start here'!$B$14,'Start here'!$B$15)) -> 32 | I64: =IF(Q64="","",IF(Q64="E","HR under "&ROUND('Start here'!$B$6*0.79,0),IF(Q64="REC","HR under "&ROUND('Start here'!$B$6*0.76,0),IF(Q64="L","HR "&ROUND('Start here'!$B$6*0.73,0)&" to "&ROUND('Start here'!$B$6*0.84,0),INDEX(Paces!$B$5:$K$15,MATCH(H64,Paces!$A$5:$A$15,0),MATCH(Q64,Paces!$B$4:$K$4,0)))))) -> HR under 147 | O64: =IF(AND(N(K64)>0,N(L64)>0),L64/K64,"") | Q64: REC
A65: 46384 | B65: 10 | C65: Race-specific | D65: Mon | E65: Rest | F65: Rest day. Optional 10 min core at home on Mon or Fri. | H65: =IF(C65="Base",'Start here'!$B$7,IF(C65="Build",'Start here'!$B$14,'Start here'!$B$15)) -> 32 | I65: =IF(Q65="","",IF(Q65="E","HR under "&ROUND('Start here'!$B$6*0.79,0),IF(Q65="REC","HR under "&ROUND('Start here'!$B$6*0.76,0),IF(Q65="L","HR "&ROUND('Start here'!$B$6*0.73,0)&" to "&ROUND('Start here'!$B$6*0.84,0),INDEX(Paces!$B$5:$K$15,MATCH(H65,Paces!$A$5:$A$15,0),MATCH(Q65,Paces!$B$4:$K$4,0)))))) | O65: =IF(AND(N(K65)>0,N(L65)>0),L65/K65,"")
A66: 46385 | B66: 10 | C66: Race-specific | D66: Tue | E66: Threshold | F66: 2 km easy · 3 × 8 min at T, 1 min jog · 1.5 km easy | G66: 7.7 | H66: =IF(C66="Base",'Start here'!$B$7,IF(C66="Build",'Start here'!$B$14,'Start here'!$B$15)) -> 32 | I66: =IF(Q66="","",IF(Q66="E","HR under "&ROUND('Start here'!$B$6*0.79,0),IF(Q66="REC","HR under "&ROUND('Start here'!$B$6*0.76,0),IF(Q66="L","HR "&ROUND('Start here'!$B$6*0.73,0)&" to "&ROUND('Start here'!$B$6*0.84,0),INDEX(Paces!$B$5:$K$15,MATCH(H66,Paces!$A$5:$A$15,0),MATCH(Q66,Paces!$B$4:$K$4,0)))))) -> 6:05/km | O66: =IF(AND(N(K66)>0,N(L66)>0),L66/K66,"") | Q66: T pace
A67: 46386 | B67: 10 | C67: Race-specific | D67: Wed | E67: Easy + hill sprints | F67: Easy 40 min + 6 hill sprints (10 s) | G67: 5 | H67: =IF(C67="Base",'Start here'!$B$7,IF(C67="Build",'Start here'!$B$14,'Start here'!$B$15)) -> 32 | I67: =IF(Q67="","",IF(Q67="E","HR under "&ROUND('Start here'!$B$6*0.79,0),IF(Q67="REC","HR under "&ROUND('Start here'!$B$6*0.76,0),IF(Q67="L","HR "&ROUND('Start here'!$B$6*0.73,0)&" to "&ROUND('Start here'!$B$6*0.84,0),INDEX(Paces!$B$5:$K$15,MATCH(H67,Paces!$A$5:$A$15,0),MATCH(Q67,Paces!$B$4:$K$4,0)))))) -> HR under 153 | O67: =IF(AND(N(K67)>0,N(L67)>0),L67/K67,"") | Q67: E
A68: 46387 | B68: 10 | C68: Race-specific | D68: Thu | E68: HM pace | F68: 2 km easy · 2 × 2.5 km at HM pace, 2 min jog · 1.5 km easy | G68: 8.8 | H68: =IF(C68="Base",'Start here'!$B$7,IF(C68="Build",'Start here'!$B$14,'Start here'!$B$15)) -> 32 | I68: =IF(Q68="","",IF(Q68="E","HR under "&ROUND('Start here'!$B$6*0.79,0),IF(Q68="REC","HR under "&ROUND('Start here'!$B$6*0.76,0),IF(Q68="L","HR "&ROUND('Start here'!$B$6*0.73,0)&" to "&ROUND('Start here'!$B$6*0.84,0),INDEX(Paces!$B$5:$K$15,MATCH(H68,Paces!$A$5:$A$15,0),MATCH(Q68,Paces!$B$4:$K$4,0)))))) -> 6:21/km | O68: =IF(AND(N(K68)>0,N(L68)>0),L68/K68,"") | Q68: HM pace
A69: 46388 | B69: 10 | C69: Race-specific | D69: Fri | E69: Rest | F69: Rest day. Optional 10 min core at home on Mon or Fri. | H69: =IF(C69="Base",'Start here'!$B$7,IF(C69="Build",'Start here'!$B$14,'Start here'!$B$15)) -> 32 | I69: =IF(Q69="","",IF(Q69="E","HR under "&ROUND('Start here'!$B$6*0.79,0),IF(Q69="REC","HR under "&ROUND('Start here'!$B$6*0.76,0),IF(Q69="L","HR "&ROUND('Start here'!$B$6*0.73,0)&" to "&ROUND('Start here'!$B$6*0.84,0),INDEX(Paces!$B$5:$K$15,MATCH(H69,Paces!$A$5:$A$15,0),MATCH(Q69,Paces!$B$4:$K$4,0)))))) | O69: =IF(AND(N(K69)>0,N(L69)>0),L69/K69,"")
A70: 46389 | B70: 10 | C70: Race-specific | D70: Sat | E70: Long run | F70: Long 14 km easy. Practise drinking and fuelling on the run. | G70: 14 | H70: =IF(C70="Base",'Start here'!$B$7,IF(C70="Build",'Start here'!$B$14,'Start here'!$B$15)) -> 32 | I70: =IF(Q70="","",IF(Q70="E","HR under "&ROUND('Start here'!$B$6*0.79,0),IF(Q70="REC","HR under "&ROUND('Start here'!$B$6*0.76,0),IF(Q70="L","HR "&ROUND('Start here'!$B$6*0.73,0)&" to "&ROUND('Start here'!$B$6*0.84,0),INDEX(Paces!$B$5:$K$15,MATCH(H70,Paces!$A$5:$A$15,0),MATCH(Q70,Paces!$B$4:$K$4,0)))))) -> HR 142 to 163 | O70: =IF(AND(N(K70)>0,N(L70)>0),L70/K70,"") | Q70: L
A71: 46390 | B71: 10 | C71: Race-specific | D71: Sun | E71: Recovery + strides | F71: Recovery 35 min + 6 strides | G71: 4.6 | H71: =IF(C71="Base",'Start here'!$B$7,IF(C71="Build",'Start here'!$B$14,'Start here'!$B$15)) -> 32 | I71: =IF(Q71="","",IF(Q71="E","HR under "&ROUND('Start here'!$B$6*0.79,0),IF(Q71="REC","HR under "&ROUND('Start here'!$B$6*0.76,0),IF(Q71="L","HR "&ROUND('Start here'!$B$6*0.73,0)&" to "&ROUND('Start here'!$B$6*0.84,0),INDEX(Paces!$B$5:$K$15,MATCH(H71,Paces!$A$5:$A$15,0),MATCH(Q71,Paces!$B$4:$K$4,0)))))) -> HR under 147 | O71: =IF(AND(N(K71)>0,N(L71)>0),L71/K71,"") | Q71: REC
A72: 46391 | B72: 11 | C72: Race-specific | D72: Mon | E72: Rest | F72: Rest day. Optional 10 min core at home on Mon or Fri. | H72: =IF(C72="Base",'Start here'!$B$7,IF(C72="Build",'Start here'!$B$14,'Start here'!$B$15)) -> 32 | I72: =IF(Q72="","",IF(Q72="E","HR under "&ROUND('Start here'!$B$6*0.79,0),IF(Q72="REC","HR under "&ROUND('Start here'!$B$6*0.76,0),IF(Q72="L","HR "&ROUND('Start here'!$B$6*0.73,0)&" to "&ROUND('Start here'!$B$6*0.84,0),INDEX(Paces!$B$5:$K$15,MATCH(H72,Paces!$A$5:$A$15,0),MATCH(Q72,Paces!$B$4:$K$4,0)))))) | O72: =IF(AND(N(K72)>0,N(L72)>0),L72/K72,"")
A73: 46392 | B73: 11 | C73: Race-specific | D73: Tue | E73: Threshold | F73: 2 km easy · 2 × 12 min at T, 2 min jog · 1.5 km easy | G73: 7.7 | H73: =IF(C73="Base",'Start here'!$B$7,IF(C73="Build",'Start here'!$B$14,'Start here'!$B$15)) -> 32 | I73: =IF(Q73="","",IF(Q73="E","HR under "&ROUND('Start here'!$B$6*0.79,0),IF(Q73="REC","HR under "&ROUND('Start here'!$B$6*0.76,0),IF(Q73="L","HR "&ROUND('Start here'!$B$6*0.73,0)&" to "&ROUND('Start here'!$B$6*0.84,0),INDEX(Paces!$B$5:$K$15,MATCH(H73,Paces!$A$5:$A$15,0),MATCH(Q73,Paces!$B$4:$K$4,0)))))) -> 6:05/km | O73: =IF(AND(N(K73)>0,N(L73)>0),L73/K73,"") | Q73: T pace
A74: 46393 | B74: 11 | C74: Race-specific | D74: Wed | E74: Easy + hill sprints | F74: Easy 40 min + 6 hill sprints (10 s) | G74: 5 | H74: =IF(C74="Base",'Start here'!$B$7,IF(C74="Build",'Start here'!$B$14,'Start here'!$B$15)) -> 32 | I74: =IF(Q74="","",IF(Q74="E","HR under "&ROUND('Start here'!$B$6*0.79,0),IF(Q74="REC","HR under "&ROUND('Start here'!$B$6*0.76,0),IF(Q74="L","HR "&ROUND('Start here'!$B$6*0.73,0)&" to "&ROUND('Start here'!$B$6*0.84,0),INDEX(Paces!$B$5:$K$15,MATCH(H74,Paces!$A$5:$A$15,0),MATCH(Q74,Paces!$B$4:$K$4,0)))))) -> HR under 153 | O74: =IF(AND(N(K74)>0,N(L74)>0),L74/K74,"") | Q74: E
A75: 46394 | B75: 11 | C75: Race-specific | D75: Thu | E75: I session | F75: 2 km easy · 4 × 4 min at I, 3 min jog · 1.5 km easy | G75: 7.5 | H75: =IF(C75="Base",'Start here'!$B$7,IF(C75="Build",'Start here'!$B$14,'Start here'!$B$15)) -> 32 | I75: =IF(Q75="","",IF(Q75="E","HR under "&ROUND('Start here'!$B$6*0.79,0),IF(Q75="REC","HR under "&ROUND('Start here'!$B$6*0.76,0),IF(Q75="L","HR "&ROUND('Start here'!$B$6*0.73,0)&" to "&ROUND('Start here'!$B$6*0.84,0),INDEX(Paces!$B$5:$K$15,MATCH(H75,Paces!$A$5:$A$15,0),MATCH(Q75,Paces!$B$4:$K$4,0)))))) -> 5:35/km (2:14 per 400 m) | O75: =IF(AND(N(K75)>0,N(L75)>0),L75/K75,"") | Q75: I pace
A76: 46395 | B76: 11 | C76: Race-specific | D76: Fri | E76: Rest | F76: Rest day. Optional 10 min core at home on Mon or Fri. | H76: =IF(C76="Base",'Start here'!$B$7,IF(C76="Build",'Start here'!$B$14,'Start here'!$B$15)) -> 32 | I76: =IF(Q76="","",IF(Q76="E","HR under "&ROUND('Start here'!$B$6*0.79,0),IF(Q76="REC","HR under "&ROUND('Start here'!$B$6*0.76,0),IF(Q76="L","HR "&ROUND('Start here'!$B$6*0.73,0)&" to "&ROUND('Start here'!$B$6*0.84,0),INDEX(Paces!$B$5:$K$15,MATCH(H76,Paces!$A$5:$A$15,0),MATCH(Q76,Paces!$B$4:$K$4,0)))))) | O76: =IF(AND(N(K76)>0,N(L76)>0),L76/K76,"")
A77: 46396 | B77: 11 | C77: Race-specific | D77: Sat | E77: Long run, HM finish | F77: Long 15 km: 11 km easy, then the last 4 km at HM pace | G77: 15 | H77: =IF(C77="Base",'Start here'!$B$7,IF(C77="Build",'Start here'!$B$14,'Start here'!$B$15)) -> 32 | I77: =IF(Q77="","",IF(Q77="E","HR under "&ROUND('Start here'!$B$6*0.79,0),IF(Q77="REC","HR under "&ROUND('Start here'!$B$6*0.76,0),IF(Q77="L","HR "&ROUND('Start here'!$B$6*0.73,0)&" to "&ROUND('Start here'!$B$6*0.84,0),INDEX(Paces!$B$5:$K$15,MATCH(H77,Paces!$A$5:$A$15,0),MATCH(Q77,Paces!$B$4:$K$4,0)))))) -> 6:21/km | O77: =IF(AND(N(K77)>0,N(L77)>0),L77/K77,"") | Q77: HM pace
A78: 46397 | B78: 11 | C78: Race-specific | D78: Sun | E78: Recovery + strides | F78: Recovery 35 min + 6 strides | G78: 4.6 | H78: =IF(C78="Base",'Start here'!$B$7,IF(C78="Build",'Start here'!$B$14,'Start here'!$B$15)) -> 32 | I78: =IF(Q78="","",IF(Q78="E","HR under "&ROUND('Start here'!$B$6*0.79,0),IF(Q78="REC","HR under "&ROUND('Start here'!$B$6*0.76,0),IF(Q78="L","HR "&ROUND('Start here'!$B$6*0.73,0)&" to "&ROUND('Start here'!$B$6*0.84,0),INDEX(Paces!$B$5:$K$15,MATCH(H78,Paces!$A$5:$A$15,0),MATCH(Q78,Paces!$B$4:$K$4,0)))))) -> HR under 147 | O78: =IF(AND(N(K78)>0,N(L78)>0),L78/K78,"") | Q78: REC
A79: 46398 | B79: 12 | C79: Race-specific | D79: Mon | E79: Rest | F79: Rest day. Optional 10 min core at home on Mon or Fri. | H79: =IF(C79="Base",'Start here'!$B$7,IF(C79="Build",'Start here'!$B$14,'Start here'!$B$15)) -> 32 | I79: =IF(Q79="","",IF(Q79="E","HR under "&ROUND('Start here'!$B$6*0.79,0),IF(Q79="REC","HR under "&ROUND('Start here'!$B$6*0.76,0),IF(Q79="L","HR "&ROUND('Start here'!$B$6*0.73,0)&" to "&ROUND('Start here'!$B$6*0.84,0),INDEX(Paces!$B$5:$K$15,MATCH(H79,Paces!$A$5:$A$15,0),MATCH(Q79,Paces!$B$4:$K$4,0)))))) | O79: =IF(AND(N(K79)>0,N(L79)>0),L79/K79,"")
A80: 46399 | B80: 12 | C80: Race-specific | D80: Tue | E80: Threshold | F80: 2 km easy · 3 × 8 min at T, 1 min jog · 1.5 km easy | G80: 7.7 | H80: =IF(C80="Base",'Start here'!$B$7,IF(C80="Build",'Start here'!$B$14,'Start here'!$B$15)) -> 32 | I80: =IF(Q80="","",IF(Q80="E","HR under "&ROUND('Start here'!$B$6*0.79,0),IF(Q80="REC","HR under "&ROUND('Start here'!$B$6*0.76,0),IF(Q80="L","HR "&ROUND('Start here'!$B$6*0.73,0)&" to "&ROUND('Start here'!$B$6*0.84,0),INDEX(Paces!$B$5:$K$15,MATCH(H80,Paces!$A$5:$A$15,0),MATCH(Q80,Paces!$B$4:$K$4,0)))))) -> 6:05/km | O80: =IF(AND(N(K80)>0,N(L80)>0),L80/K80,"") | Q80: T pace
A81: 46400 | B81: 12 | C81: Race-specific | D81: Wed | E81: Easy + hill sprints | F81: Easy 35 min + 6 hill sprints (10 s) | G81: 4.5 | H81: =IF(C81="Base",'Start here'!$B$7,IF(C81="Build",'Start here'!$B$14,'Start here'!$B$15)) -> 32 | I81: =IF(Q81="","",IF(Q81="E","HR under "&ROUND('Start here'!$B$6*0.79,0),IF(Q81="REC","HR under "&ROUND('Start here'!$B$6*0.76,0),IF(Q81="L","HR "&ROUND('Start here'!$B$6*0.73,0)&" to "&ROUND('Start here'!$B$6*0.84,0),INDEX(Paces!$B$5:$K$15,MATCH(H81,Paces!$A$5:$A$15,0),MATCH(Q81,Paces!$B$4:$K$4,0)))))) -> HR under 153 | O81: =IF(AND(N(K81)>0,N(L81)>0),L81/K81,"") | Q81: E
A82: 46401 | B82: 12 | C82: Race-specific | D82: Thu | E82: HM pace | F82: 1.5 km easy · 2 × 3 km at HM pace, 3 min jog · 1 km easy | G82: 8.9 | H82: =IF(C82="Base",'Start here'!$B$7,IF(C82="Build",'Start here'!$B$14,'Start here'!$B$15)) -> 32 | I82: =IF(Q82="","",IF(Q82="E","HR under "&ROUND('Start here'!$B$6*0.79,0),IF(Q82="REC","HR under "&ROUND('Start here'!$B$6*0.76,0),IF(Q82="L","HR "&ROUND('Start here'!$B$6*0.73,0)&" to "&ROUND('Start here'!$B$6*0.84,0),INDEX(Paces!$B$5:$K$15,MATCH(H82,Paces!$A$5:$A$15,0),MATCH(Q82,Paces!$B$4:$K$4,0)))))) -> 6:21/km | O82: =IF(AND(N(K82)>0,N(L82)>0),L82/K82,"") | Q82: HM pace
A83: 46402 | B83: 12 | C83: Race-specific | D83: Fri | E83: Rest | F83: Rest day. Optional 10 min core at home on Mon or Fri. | H83: =IF(C83="Base",'Start here'!$B$7,IF(C83="Build",'Start here'!$B$14,'Start here'!$B$15)) -> 32 | I83: =IF(Q83="","",IF(Q83="E","HR under "&ROUND('Start here'!$B$6*0.79,0),IF(Q83="REC","HR under "&ROUND('Start here'!$B$6*0.76,0),IF(Q83="L","HR "&ROUND('Start here'!$B$6*0.73,0)&" to "&ROUND('Start here'!$B$6*0.84,0),INDEX(Paces!$B$5:$K$15,MATCH(H83,Paces!$A$5:$A$15,0),MATCH(Q83,Paces!$B$4:$K$4,0)))))) | O83: =IF(AND(N(K83)>0,N(L83)>0),L83/K83,"")
A84: 46403 | B84: 12 | C84: Race-specific | D84: Sat | E84: Peak long run | F84: 16 km easy (about 2:15, close to race duration), with race fuel | G84: 16 | H84: =IF(C84="Base",'Start here'!$B$7,IF(C84="Build",'Start here'!$B$14,'Start here'!$B$15)) -> 32 | I84: =IF(Q84="","",IF(Q84="E","HR under "&ROUND('Start here'!$B$6*0.79,0),IF(Q84="REC","HR under "&ROUND('Start here'!$B$6*0.76,0),IF(Q84="L","HR "&ROUND('Start here'!$B$6*0.73,0)&" to "&ROUND('Start here'!$B$6*0.84,0),INDEX(Paces!$B$5:$K$15,MATCH(H84,Paces!$A$5:$A$15,0),MATCH(Q84,Paces!$B$4:$K$4,0)))))) -> HR 142 to 163 | O84: =IF(AND(N(K84)>0,N(L84)>0),L84/K84,"") | Q84: L
A85: 46404 | B85: 12 | C85: Race-specific | D85: Sun | E85: Recovery + strides | F85: Recovery 30 min + 6 strides | G85: 4 | H85: =IF(C85="Base",'Start here'!$B$7,IF(C85="Build",'Start here'!$B$14,'Start here'!$B$15)) -> 32 | I85: =IF(Q85="","",IF(Q85="E","HR under "&ROUND('Start here'!$B$6*0.79,0),IF(Q85="REC","HR under "&ROUND('Start here'!$B$6*0.76,0),IF(Q85="L","HR "&ROUND('Start here'!$B$6*0.73,0)&" to "&ROUND('Start here'!$B$6*0.84,0),INDEX(Paces!$B$5:$K$15,MATCH(H85,Paces!$A$5:$A$15,0),MATCH(Q85,Paces!$B$4:$K$4,0)))))) -> HR under 147 | O85: =IF(AND(N(K85)>0,N(L85)>0),L85/K85,"") | Q85: REC
A86: 46405 | B86: 13 | C86: Race-specific | D86: Mon | E86: Rest | F86: Rest day. Optional 10 min core at home on Mon or Fri. | H86: =IF(C86="Base",'Start here'!$B$7,IF(C86="Build",'Start here'!$B$14,'Start here'!$B$15)) -> 32 | I86: =IF(Q86="","",IF(Q86="E","HR under "&ROUND('Start here'!$B$6*0.79,0),IF(Q86="REC","HR under "&ROUND('Start here'!$B$6*0.76,0),IF(Q86="L","HR "&ROUND('Start here'!$B$6*0.73,0)&" to "&ROUND('Start here'!$B$6*0.84,0),INDEX(Paces!$B$5:$K$15,MATCH(H86,Paces!$A$5:$A$15,0),MATCH(Q86,Paces!$B$4:$K$4,0)))))) | O86: =IF(AND(N(K86)>0,N(L86)>0),L86/K86,"")
A87: 46406 | B87: 13 | C87: Race-specific | D87: Tue | E87: Threshold | F87: 2 km easy · 2 × 10 min at T, 2 min jog · 1.5 km easy | G87: 7 | H87: =IF(C87="Base",'Start here'!$B$7,IF(C87="Build",'Start here'!$B$14,'Start here'!$B$15)) -> 32 | I87: =IF(Q87="","",IF(Q87="E","HR under "&ROUND('Start here'!$B$6*0.79,0),IF(Q87="REC","HR under "&ROUND('Start here'!$B$6*0.76,0),IF(Q87="L","HR "&ROUND('Start here'!$B$6*0.73,0)&" to "&ROUND('Start here'!$B$6*0.84,0),INDEX(Paces!$B$5:$K$15,MATCH(H87,Paces!$A$5:$A$15,0),MATCH(Q87,Paces!$B$4:$K$4,0)))))) -> 6:05/km | O87: =IF(AND(N(K87)>0,N(L87)>0),L87/K87,"") | Q87: T pace
A88: 46407 | B88: 13 | C88: Race-specific | D88: Wed | E88: Easy + hill sprints | F88: Easy 40 min + 6 hill sprints (10 s), the last ones | G88: 5 | H88: =IF(C88="Base",'Start here'!$B$7,IF(C88="Build",'Start here'!$B$14,'Start here'!$B$15)) -> 32 | I88: =IF(Q88="","",IF(Q88="E","HR under "&ROUND('Start here'!$B$6*0.79,0),IF(Q88="REC","HR under "&ROUND('Start here'!$B$6*0.76,0),IF(Q88="L","HR "&ROUND('Start here'!$B$6*0.73,0)&" to "&ROUND('Start here'!$B$6*0.84,0),INDEX(Paces!$B$5:$K$15,MATCH(H88,Paces!$A$5:$A$15,0),MATCH(Q88,Paces!$B$4:$K$4,0)))))) -> HR under 153 | O88: =IF(AND(N(K88)>0,N(L88)>0),L88/K88,"") | Q88: E
A89: 46408 | B89: 13 | C89: Race-specific | D89: Thu | E89: Easy + strides | F89: Easy 35 min + 6 strides | G89: 4.6 | H89: =IF(C89="Base",'Start here'!$B$7,IF(C89="Build",'Start here'!$B$14,'Start here'!$B$15)) -> 32 | I89: =IF(Q89="","",IF(Q89="E","HR under "&ROUND('Start here'!$B$6*0.79,0),IF(Q89="REC","HR under "&ROUND('Start here'!$B$6*0.76,0),IF(Q89="L","HR "&ROUND('Start here'!$B$6*0.73,0)&" to "&ROUND('Start here'!$B$6*0.84,0),INDEX(Paces!$B$5:$K$15,MATCH(H89,Paces!$A$5:$A$15,0),MATCH(Q89,Paces!$B$4:$K$4,0)))))) -> HR under 153 | O89: =IF(AND(N(K89)>0,N(L89)>0),L89/K89,"") | Q89: E
A90: 46409 | B90: 13 | C90: Race-specific | D90: Fri | E90: Rest | F90: Rest day. Optional 10 min core at home on Mon or Fri. | H90: =IF(C90="Base",'Start here'!$B$7,IF(C90="Build",'Start here'!$B$14,'Start here'!$B$15)) -> 32 | I90: =IF(Q90="","",IF(Q90="E","HR under "&ROUND('Start here'!$B$6*0.79,0),IF(Q90="REC","HR under "&ROUND('Start here'!$B$6*0.76,0),IF(Q90="L","HR "&ROUND('Start here'!$B$6*0.73,0)&" to "&ROUND('Start here'!$B$6*0.84,0),INDEX(Paces!$B$5:$K$15,MATCH(H90,Paces!$A$5:$A$15,0),MATCH(Q90,Paces!$B$4:$K$4,0)))))) | O90: =IF(AND(N(K90)>0,N(L90)>0),L90/K90,"")
A91: 46410 | B91: 13 | C91: Race-specific | D91: Sat | E91: Race rehearsal | F91: 3 km easy · 8 km at goal HM pace · 2 km easy. Use race start time, breakfast, shoes and fuel. If it felt close to a race effort, set race pace 5 s/km slower. | G91: 13 | H91: =IF(C91="Base",'Start here'!$B$7,IF(C91="Build",'Start here'!$B$14,'Start here'!$B$15)) -> 32 | I91: =IF(Q91="","",IF(Q91="E","HR under "&ROUND('Start here'!$B$6*0.79,0),IF(Q91="REC","HR under "&ROUND('Start here'!$B$6*0.76,0),IF(Q91="L","HR "&ROUND('Start here'!$B$6*0.73,0)&" to "&ROUND('Start here'!$B$6*0.84,0),INDEX(Paces!$B$5:$K$15,MATCH(H91,Paces!$A$5:$A$15,0),MATCH(Q91,Paces!$B$4:$K$4,0)))))) -> 6:21/km | O91: =IF(AND(N(K91)>0,N(L91)>0),L91/K91,"") | Q91: HM pace
A92: 46411 | B92: 13 | C92: Race-specific | D92: Sun | E92: Recovery | F92: Recovery 35 min (last heavy gym session, 2 sets) | G92: 4.2 | H92: =IF(C92="Base",'Start here'!$B$7,IF(C92="Build",'Start here'!$B$14,'Start here'!$B$15)) -> 32 | I92: =IF(Q92="","",IF(Q92="E","HR under "&ROUND('Start here'!$B$6*0.79,0),IF(Q92="REC","HR under "&ROUND('Start here'!$B$6*0.76,0),IF(Q92="L","HR "&ROUND('Start here'!$B$6*0.73,0)&" to "&ROUND('Start here'!$B$6*0.84,0),INDEX(Paces!$B$5:$K$15,MATCH(H92,Paces!$A$5:$A$15,0),MATCH(Q92,Paces!$B$4:$K$4,0)))))) -> HR under 147 | O92: =IF(AND(N(K92)>0,N(L92)>0),L92/K92,"") | Q92: REC
A93: 46412 | B93: 14 | C93: Taper & race | D93: Mon | E93: Rest | F93: Rest day. Optional 10 min core at home on Mon or Fri. | H93: =IF(C93="Base",'Start here'!$B$7,IF(C93="Build",'Start here'!$B$14,'Start here'!$B$15)) -> 32 | I93: =IF(Q93="","",IF(Q93="E","HR under "&ROUND('Start here'!$B$6*0.79,0),IF(Q93="REC","HR under "&ROUND('Start here'!$B$6*0.76,0),IF(Q93="L","HR "&ROUND('Start here'!$B$6*0.73,0)&" to "&ROUND('Start here'!$B$6*0.84,0),INDEX(Paces!$B$5:$K$15,MATCH(H93,Paces!$A$5:$A$15,0),MATCH(Q93,Paces!$B$4:$K$4,0)))))) | O93: =IF(AND(N(K93)>0,N(L93)>0),L93/K93,"")
A94: 46413 | B94: 14 | C94: Taper & race | D94: Tue | E94: Threshold | F94: 2 km easy · 3 × 1 km at T, 1 min jog · 1.5 km easy | G94: 6.7 | H94: =IF(C94="Base",'Start here'!$B$7,IF(C94="Build",'Start here'!$B$14,'Start here'!$B$15)) -> 32 | I94: =IF(Q94="","",IF(Q94="E","HR under "&ROUND('Start here'!$B$6*0.79,0),IF(Q94="REC","HR under "&ROUND('Start here'!$B$6*0.76,0),IF(Q94="L","HR "&ROUND('Start here'!$B$6*0.73,0)&" to "&ROUND('Start here'!$B$6*0.84,0),INDEX(Paces!$B$5:$K$15,MATCH(H94,Paces!$A$5:$A$15,0),MATCH(Q94,Paces!$B$4:$K$4,0)))))) -> 6:05/km | O94: =IF(AND(N(K94)>0,N(L94)>0),L94/K94,"") | Q94: T pace
A95: 46414 | B95: 14 | C95: Taper & race | D95: Wed | E95: Easy + strides | F95: Easy 35 min + 6 strides | G95: 4.6 | H95: =IF(C95="Base",'Start here'!$B$7,IF(C95="Build",'Start here'!$B$14,'Start here'!$B$15)) -> 32 | I95: =IF(Q95="","",IF(Q95="E","HR under "&ROUND('Start here'!$B$6*0.79,0),IF(Q95="REC","HR under "&ROUND('Start here'!$B$6*0.76,0),IF(Q95="L","HR "&ROUND('Start here'!$B$6*0.73,0)&" to "&ROUND('Start here'!$B$6*0.84,0),INDEX(Paces!$B$5:$K$15,MATCH(H95,Paces!$A$5:$A$15,0),MATCH(Q95,Paces!$B$4:$K$4,0)))))) -> HR under 153 | O95: =IF(AND(N(K95)>0,N(L95)>0),L95/K95,"") | Q95: E
A96: 46415 | B96: 14 | C96: Taper & race | D96: Thu | E96: HM pace | F96: 2 km easy · 2 × 2 km at HM pace, 2 min jog · 1.5 km easy | G96: 7.8 | H96: =IF(C96="Base",'Start here'!$B$7,IF(C96="Build",'Start here'!$B$14,'Start here'!$B$15)) -> 32 | I96: =IF(Q96="","",IF(Q96="E","HR under "&ROUND('Start here'!$B$6*0.79,0),IF(Q96="REC","HR under "&ROUND('Start here'!$B$6*0.76,0),IF(Q96="L","HR "&ROUND('Start here'!$B$6*0.73,0)&" to "&ROUND('Start here'!$B$6*0.84,0),INDEX(Paces!$B$5:$K$15,MATCH(H96,Paces!$A$5:$A$15,0),MATCH(Q96,Paces!$B$4:$K$4,0)))))) -> 6:21/km | O96: =IF(AND(N(K96)>0,N(L96)>0),L96/K96,"") | Q96: HM pace
A97: 46416 | B97: 14 | C97: Taper & race | D97: Fri | E97: Rest | F97: Rest day. Optional 10 min core at home on Mon or Fri. | H97: =IF(C97="Base",'Start here'!$B$7,IF(C97="Build",'Start here'!$B$14,'Start here'!$B$15)) -> 32 | I97: =IF(Q97="","",IF(Q97="E","HR under "&ROUND('Start here'!$B$6*0.79,0),IF(Q97="REC","HR under "&ROUND('Start here'!$B$6*0.76,0),IF(Q97="L","HR "&ROUND('Start here'!$B$6*0.73,0)&" to "&ROUND('Start here'!$B$6*0.84,0),INDEX(Paces!$B$5:$K$15,MATCH(H97,Paces!$A$5:$A$15,0),MATCH(Q97,Paces!$B$4:$K$4,0)))))) | O97: =IF(AND(N(K97)>0,N(L97)>0),L97/K97,"")
A98: 46417 | B98: 14 | C98: Taper & race | D98: Sat | E98: Easy + strides | F98: Easy 30 min + 4 strides | G98: 3.9 | H98: =IF(C98="Base",'Start here'!$B$7,IF(C98="Build",'Start here'!$B$14,'Start here'!$B$15)) -> 32 | I98: =IF(Q98="","",IF(Q98="E","HR under "&ROUND('Start here'!$B$6*0.79,0),IF(Q98="REC","HR under "&ROUND('Start here'!$B$6*0.76,0),IF(Q98="L","HR "&ROUND('Start here'!$B$6*0.73,0)&" to "&ROUND('Start here'!$B$6*0.84,0),INDEX(Paces!$B$5:$K$15,MATCH(H98,Paces!$A$5:$A$15,0),MATCH(Q98,Paces!$B$4:$K$4,0)))))) -> HR under 153 | O98: =IF(AND(N(K98)>0,N(L98)>0),L98/K98,"") | Q98: E
A99: 46418 | B99: 14 | C99: Taper & race | D99: Sun | E99: Long run (2/3) | F99: Long 10 km easy, two-thirds of your usual long run (Daniels: 6 days before the race) | G99: 10 | H99: =IF(C99="Base",'Start here'!$B$7,IF(C99="Build",'Start here'!$B$14,'Start here'!$B$15)) -> 32 | I99: =IF(Q99="","",IF(Q99="E","HR under "&ROUND('Start here'!$B$6*0.79,0),IF(Q99="REC","HR under "&ROUND('Start here'!$B$6*0.76,0),IF(Q99="L","HR "&ROUND('Start here'!$B$6*0.73,0)&" to "&ROUND('Start here'!$B$6*0.84,0),INDEX(Paces!$B$5:$K$15,MATCH(H99,Paces!$A$5:$A$15,0),MATCH(Q99,Paces!$B$4:$K$4,0)))))) -> HR 142 to 163 | O99: =IF(AND(N(K99)>0,N(L99)>0),L99/K99,"") | Q99: L
A100: 46419 | B100: 15 | C100: Taper & race | D100: Mon | E100: Easy (optional) | F100: Easy 25 min, or rest | G100: 3 | H100: =IF(C100="Base",'Start here'!$B$7,IF(C100="Build",'Start here'!$B$14,'Start here'!$B$15)) -> 32 | I100: =IF(Q100="","",IF(Q100="E","HR under "&ROUND('Start here'!$B$6*0.79,0),IF(Q100="REC","HR under "&ROUND('Start here'!$B$6*0.76,0),IF(Q100="L","HR "&ROUND('Start here'!$B$6*0.73,0)&" to "&ROUND('Start here'!$B$6*0.84,0),INDEX(Paces!$B$5:$K$15,MATCH(H100,Paces!$A$5:$A$15,0),MATCH(Q100,Paces!$B$4:$K$4,0)))))) -> HR under 153 | O100: =IF(AND(N(K100)>0,N(L100)>0),L100/K100,"") | Q100: E
...

Sheet Weekly
A1: Planned and logged distance by week
A2: Updates from the Done and Actual km columns on the Plan sheet. Week 15 includes the race (21.1 km).
A4: Week | B4: Phase | C4: From | D4: To | E4: Planned km | F4: Runs planned | G4: Runs done | H4: Logged km | I4: Logged / planned
A5: 1 | B5: Base | C5: 46321 | D5: 46327 | E5: =SUMIFS(Plan!$G$2:$G$105,Plan!$B$2:$B$105,A5) -> 31.2 | F5: =COUNTIFS(Plan!$B$2:$B$105,A5,Plan!$E$2:$E$105,"<>Rest") -> 5 | G5: =COUNTIFS(Plan!$B$2:$B$105,A5,Plan!$J$2:$J$105,"Yes") -> 0 | H5: =SUMIFS(Plan!$K$2:$K$105,Plan!$B$2:$B$105,A5,Plan!$J$2:$J$105,"Yes") -> 0 | I5: =IF(E5>0,H5/E5,0) -> 0
A6: 2 | B6: Base | C6: 46328 | D6: 46334 | E6: =SUMIFS(Plan!$G$2:$G$105,Plan!$B$2:$B$105,A6) -> 32.2 | F6: =COUNTIFS(Plan!$B$2:$B$105,A6,Plan!$E$2:$E$105,"<>Rest") -> 5 | G6: =COUNTIFS(Plan!$B$2:$B$105,A6,Plan!$J$2:$J$105,"Yes") -> 0 | H6: =SUMIFS(Plan!$K$2:$K$105,Plan!$B$2:$B$105,A6,Plan!$J$2:$J$105,"Yes") -> 0 | I6: =IF(E6>0,H6/E6,0) -> 0
A7: 3 | B7: Base | C7: 46335 | D7: 46341 | E7: =SUMIFS(Plan!$G$2:$G$105,Plan!$B$2:$B$105,A7) -> 34 | F7: =COUNTIFS(Plan!$B$2:$B$105,A7,Plan!$E$2:$E$105,"<>Rest") -> 5 | G7: =COUNTIFS(Plan!$B$2:$B$105,A7,Plan!$J$2:$J$105,"Yes") -> 0 | H7: =SUMIFS(Plan!$K$2:$K$105,Plan!$B$2:$B$105,A7,Plan!$J$2:$J$105,"Yes") -> 0 | I7: =IF(E7>0,H7/E7,0) -> 0
A8: 4 | B8: Base | C8: 46342 | D8: 46348 | E8: =SUMIFS(Plan!$G$2:$G$105,Plan!$B$2:$B$105,A8) -> 27.6 | F8: =COUNTIFS(Plan!$B$2:$B$105,A8,Plan!$E$2:$E$105,"<>Rest") -> 5 | G8: =COUNTIFS(Plan!$B$2:$B$105,A8,Plan!$J$2:$J$105,"Yes") -> 0 | H8: =SUMIFS(Plan!$K$2:$K$105,Plan!$B$2:$B$105,A8,Plan!$J$2:$J$105,"Yes") -> 0 | I8: =IF(E8>0,H8/E8,0) -> 0
A9: 5 | B9: Build | C9: 46349 | D9: 46355 | E9: =SUMIFS(Plan!$G$2:$G$105,Plan!$B$2:$B$105,A9) -> 36.5 | F9: =COUNTIFS(Plan!$B$2:$B$105,A9,Plan!$E$2:$E$105,"<>Rest") -> 5 | G9: =COUNTIFS(Plan!$B$2:$B$105,A9,Plan!$J$2:$J$105,"Yes") -> 0 | H9: =SUMIFS(Plan!$K$2:$K$105,Plan!$B$2:$B$105,A9,Plan!$J$2:$J$105,"Yes") -> 0 | I9: =IF(E9>0,H9/E9,0) -> 0
A10: 6 | B10: Build | C10: 46356 | D10: 46362 | E10: =SUMIFS(Plan!$G$2:$G$105,Plan!$B$2:$B$105,A10) -> 37.2 | F10: =COUNTIFS(Plan!$B$2:$B$105,A10,Plan!$E$2:$E$105,"<>Rest") -> 5 | G10: =COUNTIFS(Plan!$B$2:$B$105,A10,Plan!$J$2:$J$105,"Yes") -> 0 | H10: =SUMIFS(Plan!$K$2:$K$105,Plan!$B$2:$B$105,A10,Plan!$J$2:$J$105,"Yes") -> 0 | I10: =IF(E10>0,H10/E10,0) -> 0
A11: 7 | B11: Build | C11: 46363 | D11: 46369 | E11: =SUMIFS(Plan!$G$2:$G$105,Plan!$B$2:$B$105,A11) -> 38.5 | F11: =COUNTIFS(Plan!$B$2:$B$105,A11,Plan!$E$2:$E$105,"<>Rest") -> 5 | G11: =COUNTIFS(Plan!$B$2:$B$105,A11,Plan!$J$2:$J$105,"Yes") -> 0 | H11: =SUMIFS(Plan!$K$2:$K$105,Plan!$B$2:$B$105,A11,Plan!$J$2:$J$105,"Yes") -> 0 | I11: =IF(E11>0,H11/E11,0) -> 0
A12: 8 | B12: Build | C12: 46370 | D12: 46376 | E12: =SUMIFS(Plan!$G$2:$G$105,Plan!$B$2:$B$105,A12) -> 33.1 | F12: =COUNTIFS(Plan!$B$2:$B$105,A12,Plan!$E$2:$E$105,"<>Rest") -> 5 | G12: =COUNTIFS(Plan!$B$2:$B$105,A12,Plan!$J$2:$J$105,"Yes") -> 0 | H12: =SUMIFS(Plan!$K$2:$K$105,Plan!$B$2:$B$105,A12,Plan!$J$2:$J$105,"Yes") -> 0 | I12: =IF(E12>0,H12/E12,0) -> 0
A13: 9 | B13: Build | C13: 46377 | D13: 46383 | E13: =SUMIFS(Plan!$G$2:$G$105,Plan!$B$2:$B$105,A13) -> 35.8 | F13: =COUNTIFS(Plan!$B$2:$B$105,A13,Plan!$E$2:$E$105,"<>Rest") -> 5 | G13: =COUNTIFS(Plan!$B$2:$B$105,A13,Plan!$J$2:$J$105,"Yes") -> 0 | H13: =SUMIFS(Plan!$K$2:$K$105,Plan!$B$2:$B$105,A13,Plan!$J$2:$J$105,"Yes") -> 0 | I13: =IF(E13>0,H13/E13,0) -> 0
A14: 10 | B14: Race-specific | C14: 46384 | D14: 46390 | E14: =SUMIFS(Plan!$G$2:$G$105,Plan!$B$2:$B$105,A14) -> 40.1 | F14: =COUNTIFS(Plan!$B$2:$B$105,A14,Plan!$E$2:$E$105,"<>Rest") -> 5 | G14: =COUNTIFS(Plan!$B$2:$B$105,A14,Plan!$J$2:$J$105,"Yes") -> 0 | H14: =SUMIFS(Plan!$K$2:$K$105,Plan!$B$2:$B$105,A14,Plan!$J$2:$J$105,"Yes") -> 0 | I14: =IF(E14>0,H14/E14,0) -> 0
A15: 11 | B15: Race-specific | C15: 46391 | D15: 46397 | E15: =SUMIFS(Plan!$G$2:$G$105,Plan!$B$2:$B$105,A15) -> 39.8 | F15: =COUNTIFS(Plan!$B$2:$B$105,A15,Plan!$E$2:$E$105,"<>Rest") -> 5 | G15: =COUNTIFS(Plan!$B$2:$B$105,A15,Plan!$J$2:$J$105,"Yes") -> 0 | H15: =SUMIFS(Plan!$K$2:$K$105,Plan!$B$2:$B$105,A15,Plan!$J$2:$J$105,"Yes") -> 0 | I15: =IF(E15>0,H15/E15,0) -> 0
A16: 12 | B16: Race-specific | C16: 46398 | D16: 46404 | E16: =SUMIFS(Plan!$G$2:$G$105,Plan!$B$2:$B$105,A16) -> 41.1 | F16: =COUNTIFS(Plan!$B$2:$B$105,A16,Plan!$E$2:$E$105,"<>Rest") -> 5 | G16: =COUNTIFS(Plan!$B$2:$B$105,A16,Plan!$J$2:$J$105,"Yes") -> 0 | H16: =SUMIFS(Plan!$K$2:$K$105,Plan!$B$2:$B$105,A16,Plan!$J$2:$J$105,"Yes") -> 0 | I16: =IF(E16>0,H16/E16,0) -> 0
... A19: 15 | B19: Taper & race | C19: 46419 | D19: 46424 | E19: =SUMIFS(Plan!$G$2:$G$105,Plan!$B$2:$B$105,A19) -> 37.5 | F19: =COUNTIFS(Plan!$B$2:$B$105,A19,Plan!$E$2:$E$105,"<>Rest") -> 6 | G19: =COUNTIFS(Plan!$B$2:$B$105,A19,Plan!$J$2:$J$105,"Yes") -> 0 | H19: =SUMIFS(Plan!$K$2:$K$105,Plan!$B$2:$B$105,A19,Plan!$J$2:$J$105,"Yes") -> 0 | I19: =IF(E19>0,H19/E19,0) -> 0
A20: Total | E20: =SUM(E5:E19) -> 531.4 | F20: =SUM(F5:F19) -> 76 | G20: =SUM(G5:G19) -> 0 | H20: =SUM(H5:H19) -> 0 | I20: =IF(E20>0,H20/E20,0) -> 0

Sheet Paces
A1: Training paces and race times by VDOT
A2: Source: Daniels' Running Formula, 4th ed., tables 5.1 (race times) and 5.2 (training paces). HM pace = half-marathon time ÷ 21.0975 km.
A4: VDOT | B4: 5K | C4: 10K | D4: Half | E4: HM pace | F4: T pace | G4: I pace | H4: R 200 m | I4: R 300 m | J4: M pace | K4: Easy (Daniels)
A5: 30 | B5: 0.021296296 | C5: 0.044282407 | D5: 0.097962963 | E5: =INT(ROUND(D5*86400/21.0975,0)/60)&":"&TEXT(MOD(ROUND(D5*86400/21.0975,0),60),"00")&"/km" -> 6:41/km | F5: 6:24/km | G5: 5:55/km (2:22 per 400 m) | H5: 67 s per 200 m | I5: 101 s per 300 m | J5: 7:03/km | K5: 7:27–8:14/km
A6: 31 | B6: 0.020729167 | C6: 0.043090278 | D6: 0.095381944 | E6: =INT(ROUND(D6*86400/21.0975,0)/60)&":"&TEXT(MOD(ROUND(D6*86400/21.0975,0),60),"00")&"/km" -> 6:31/km | F6: 6:14/km | G6: 5:45/km (2:18 per 400 m) | H6: 65 s per 200 m | I6: 98 s per 300 m | J6: 6:52/km | K6: 7:16–8:02/km
A7: 32 | B7: 0.020196759 | C7: 0.041967593 | D7: 0.092928241 | E7: =INT(ROUND(D7*86400/21.0975,0)/60)&":"&TEXT(MOD(ROUND(D7*86400/21.0975,0),60),"00")&"/km" -> 6:21/km | F7: 6:05/km | G7: 5:35/km (2:14 per 400 m) | H7: 63 s per 200 m | I7: 95 s per 300 m | J7: 6:40/km | K7: 7:05–7:52/km
A8: 33 | B8: 0.0196875 | C8: 0.040902778 | D8: 0.090590278 | E8: =INT(ROUND(D8*86400/21.0975,0)/60)&":"&TEXT(MOD(ROUND(D8*86400/21.0975,0),60),"00")&"/km" -> 6:11/km | F8: 5:56/km | G8: 5:28/km (2:11 per 400 m) | H8: 61 s per 200 m | I8: 92 s per 300 m | J8: 6:30/km | K8: 6:55–7:41/km
A9: 34 | B9: 0.019201389 | C9: 0.039884259 | D9: 0.08837963 | E9: =INT(ROUND(D9*86400/21.0975,0)/60)&":"&TEXT(MOD(ROUND(D9*86400/21.0975,0),60),"00")&"/km" -> 6:02/km | F9: 5:48/km | G9: 5:20/km (2:08 per 400 m) | H9: 60 s per 200 m | I9: 90 s per 300 m | J9: 6:20/km | K9: 6:45–7:31/km
A10: 35 | B10: 0.01875 | C10: 0.038923611 | D10: 0.086261574 | E10: =INT(ROUND(D10*86400/21.0975,0)/60)&":"&TEXT(MOD(ROUND(D10*86400/21.0975,0),60),"00")&"/km" -> 5:53/km | F10: 5:40/km | G10: 5:13/km (2:05 per 400 m) | H10: 58 s per 200 m | I10: 87 s per 300 m | J10: 6:10/km | K10: 6:36–7:21/km
A11: 36 | B11: 0.018310185 | C11: 0.038009259 | D11: 0.084247685 | E11: =INT(ROUND(D11*86400/21.0975,0)/60)&":"&TEXT(MOD(ROUND(D11*86400/21.0975,0),60),"00")&"/km" -> 5:45/km | F11: 5:33/km | G11: 5:05/km (2:02 per 400 m) | H11: 57 s per 200 m | I11: 85 s per 300 m | J11: 6:01/km | K11: 6:27–7:11/km
A12: 37 | B12: 0.017893519 | C12: 0.037141204 | D12: 0.082337963 | E12: =INT(ROUND(D12*86400/21.0975,0)/60)&":"&TEXT(MOD(ROUND(D12*86400/21.0975,0),60),"00")&"/km" -> 5:37/km | F12: 5:26/km | G12: 5:00/km (1:59 per 400 m) | H12: 55 s per 200 m | I12: 83 s per 300 m | J12: 5:53/km | K12: 6:19–7:02/km
A13: 38 | B13: 0.0175 | C13: 0.03630787 | D13: 0.080497685 | E13: =INT(ROUND(D13*86400/21.0975,0)/60)&":"&TEXT(MOD(ROUND(D13*86400/21.0975,0),60),"00")&"/km" -> 5:30/km | F13: 5:19/km | G13: 4:54/km (1:56 per 400 m) | H13: 54 s per 200 m | I13: 81 s per 300 m | J13: 5:45/km | K13: 6:11–6:54/km
A14: 39 | B14: 0.017118056 | C14: 0.035520833 | D14: 0.07875 | E14: =INT(ROUND(D14*86400/21.0975,0)/60)&":"&TEXT(MOD(ROUND(D14*86400/21.0975,0),60),"00")&"/km" -> 5:23/km | F14: 5:12/km | G14: 4:48/km (1:54 per 400 m) | H14: 53 s per 200 m | I14: 80 s per 300 m | J14: 5:37/km | K14: 6:03–6:46/km
A15: 40 | B15: 0.016759259 | C15: 0.034756944 | D15: 0.077071759 | E15: =INT(ROUND(D15*86400/21.0975,0)/60)&":"&TEXT(MOD(ROUND(D15*86400/21.0975,0),60),"00")&"/km" -> 5:16/km | F15: 5:06/km | G15: 4:42/km (1:52 per 400 m) | H15: 52 s per 200 m | I15: 78 s per 300 m | J15: 5:29/km | K15: 5:56–6:38/km

Sheet Gym
A1: Gym A: heavy (Sunday, after the recovery run, about 40 min)
A2: Exercise | B2: Sets × reps | C2: Notes
A3: Squat (back or goblet) or trap-bar deadlift | B3: 3 × 5 | C3: Heavy: you could do only about 2 more
A4: Romanian deadlift | B4: 3 × 6
A5: Bulgarian split squat | B5: 3 × 6 per leg
A6: Standing calf raise | B6: 3 × 8 | C6: Heavy
A7: Bent-knee calf raise | B7: 3 × 10 | C7: Works the soleus
A8: Core: plank, side plank, dead bug | B8: 2 rounds
A10: Gym B: power (Wednesday, after the easy run, about 25 min)
A11: Exercise | B11: Sets × reps | C11: Notes
A12: Pogo hops | B12: 3 × 20 contacts | C12: Quick, stiff ankles
A13: Box jumps | B13: 3 × 5 | C13: Step down, don't jump down
A14: Bounding | B14: 3 × 20 m | C14: From week 5
A15: Single-leg Romanian deadlift | B15: 3 × 8 per leg
A16: Isometric hold (optional) | B16: 6 × 5 s | C16: Push hard against a fixed bar, split-squat or calf-raise position
A17: Core: plank, side plank, dead bug | B17: 2 rounds
A19: How the gym work progresses
A20: Weeks | B20: What to do
A21: 1–2 | B21: Learn the movements | C21: Moderate weights, 3 × 8 in Gym A
A22: 3–9 | B22: Go heavy | C22: 3 × 4–6; skip the sessions marked in test weeks 4 and 8
A23: 10–13 | B23: Maintain | C23: Same weights, 2 sets; half the jumps in Gym B
A24: 14–15 | B24: Taper | C24: Core only in week 14, nothing in race week
A26: Hill sprints and strides
A27: What | B27: How | C27: Progression
A28: Hill sprints (Hudson, Snow) | B28: 6–8% hill, 8–10 s all-out, walk down, rest at least 3 min | C28: 2, 4, 6 × 8 s (weeks 1–3); 8 × 8 s (week 5); 8 × 10 s (weeks 6–7); 6 × 10 s to Jan 20
A29: Strides (Daniels) | B29: 15–20 s light and quick at about R pace; 45–60 s easy between | C29: Never a sprint
A31: Sources: Pfitzinger & Douglas, Advanced Marathoning; Hudson & Fitzgerald, Run Faster; Snow, Run Elite; Llanos-Lagos et al. 2024 (Sports Medicine).
